name,is_composer,birth_date,birth_place,death_date,death_place,url,in_the_db,wikidata_id
Ajdinović Jacek,true,1st March 1985,Cracow,,,https://polmic.pl/en/encyclopedia/subject-entries/a/ajdinovic-jacek-wiktor-en,false,
Anbild (Strzempa) Karol,true,16th February 1925,Katowice,1st March 2008,Kielce,https://polmic.pl/en/encyclopedia/subject-entries/a/anbild-strzempa-karol-en,false,
Aniołkiewicz Czesław,true,22nd January 1905,Wierzchy,7th April 1973,Łódź,https://polmic.pl/en/encyclopedia/subject-entries/a/aniolkiewicz-czeslaw-en,false,
Araszkiewicz Franciszek,true,,,,,https://polmic.pl/en/encyclopedia/subject-entries/a/araszkiewicz-franciszek-en,false,
Arnhold Katarzyna,true,4th August 1968,Opole,,,https://polmic.pl/en/encyclopedia/subject-entries/a/arnhold-katarzyna-en,false,
Arnold Tomasz,true,18th May 1990,Cracow,,,https://polmic.pl/en/encyclopedia/subject-entries/a/arnold-tomasz-en,false,
Astriab Jan,true,,,,,https://polmic.pl/en/encyclopedia/subject-entries/a/astriab-jan-en,false,
Augustyn Rafał,true,"Aug. 28, 1951",Wrocław,,,https://polmic.pl/en/encyclopedia/subject-entries/a/augustyn-rafal-en,true,Q7282425
Bacewicz Grażyna,true,5th February 1909,Łódź,17th January 1969,Warsaw,https://polmic.pl/en/encyclopedia/subject-entries/b/bacewicz-grazyna-en,true,Q230978
Baculewski Krzysztof,true,26th December 1950,Warsaw,,,https://polmic.pl/en/encyclopedia/subject-entries/b/baculewski-krzysztof-en,false,
Bagiński Zbigniew,true,,,,,https://polmic.pl/en/encyclopedia/subject-entries/b/baginski-zbigniew-en,false,
Baird Tadeusz,true,26th July 1928,Grodzisk Mazowiecki,2nd September 1981,Warsaw,https://polmic.pl/en/encyclopedia/subject-entries/b/baird-tadeusz-en,true,Q545594
Bajerski Tomasz,true,,,,,https://polmic.pl/en/encyclopedia/subject-entries/b/bajerski-tomasz-en,false,
Bałdych Adam,true,,,,,https://polmic.pl/en/encyclopedia/subject-entries/b/baldych-adam-en,false,
Bałenkowski Maciej,true,18th October 1993,Radom,,,https://polmic.pl/en/encyclopedia/subject-entries/b/balenkowski-maciej-en,false,
Banasik Marcin Filip,true,,,,,https://polmic.pl/en/encyclopedia/subject-entries/b/banasik-marcin-filip-en,false,
Bancer Teresa,true,,,,,https://polmic.pl/en/encyclopedia/subject-entries/b/bancer-teresa-en,false,
Bańka Piotr,true,,,,,https://polmic.pl/en/encyclopedia/subject-entries/b/banka-piotr-en,false,
Bargielski Zbigniew,true,21st January 1937,Łomża,,,https://polmic.pl/en/encyclopedia/subject-entries/b/bargielski-zbigniew-en,true,Q167978
Baron Piotr,true,,,,,https://polmic.pl/en/encyclopedia/subject-entries/b/baron-piotr-en,false,
Bauer Andrzej,true,25th October 1962,Łódź,,,https://polmic.pl/en/encyclopedia/subject-entries/b/bauer-andrzej-en,false,
Bauer Jerzy,true,12th May 1936,Łódź,,,https://polmic.pl/en/encyclopedia/subject-entries/b/bauer-jerzy-en,false,
Bazylik Cyprian,true,,,,,https://polmic.pl/en/encyclopedia/subject-entries/b/bazylik-cyprian-en,true,Q709965
Behr Stefan,true,,,,,https://polmic.pl/en/encyclopedia/subject-entries/b/behr-stefan-en,false,
Bembinow Miłosz,true,1st January 1978,Warsaw,,,https://polmic.pl/en/encyclopedia/subject-entries/b/bembinow-milosz-en,false,
Berger Roman,true,9 August 1930,Cieszyn,22 December 2020,Bratislava,https://polmic.pl/en/encyclopedia/subject-entries/b/berger-roman-en,false,
Białostocki Zygmunt,true,,,,,https://polmic.pl/en/encyclopedia/subject-entries/b/bialostocki-zygmunt-en,false,
Bień Mateusz,true,24th October 1968,Wrocław,,,https://polmic.pl/en/encyclopedia/subject-entries/b/bien-mateusz-en,false,
Birnbaum Zdzisław Aleksander,true,,,,,https://polmic.pl/en/encyclopedia/subject-entries/b/birnbaum-zdzislaw-aleksander-en,false,
Błażejczyk Wojciech,true,10 January 1981,,,,https://polmic.pl/en/encyclopedia/subject-entries/b/blazejczyk-wojciech-en,false,
Błażewicz Marcin,true,28 Feb. 1953,Warsaw,5th April 2021,Podkowa Leśna,https://polmic.pl/en/encyclopedia/subject-entries/b/blazewicz-marcin-en,false,
Blecharz Wojciech,true,21st June 1981,Gdynia,,,https://polmic.pl/en/encyclopedia/subject-entries/b/blecharz-wojciech-en,false,
Bloch Augustyn,true,13th August 1929,Grudziądz,6th April 2006,Warsaw,https://polmic.pl/en/encyclopedia/subject-entries/b/bloch-augustyn-en,true,Q770856
Błońska Alina,true,,,,,https://polmic.pl/en/encyclopedia/subject-entries/b/blonska-alina-en,false,
Bogusławski Edward,true,,,,,https://polmic.pl/en/encyclopedia/subject-entries/b/boguslawski-edward-en,true,Q11696144
Bojanowski Jerzy,true,,,,,https://polmic.pl/en/encyclopedia/subject-entries/b/bojanowski-jerzy-en,false,
Borkowski Marian,true,17 Aug. 1934,Pabianice,,,https://polmic.pl/en/encyclopedia/subject-entries/b/borkowski-marian-en,false,
Borowski Ryszard,true,,,,,https://polmic.pl/en/encyclopedia/subject-entries/b/borowski-ryszard-en,false,
Bortkun-Szpotańska Katarzyna,true,,,,,https://polmic.pl/en/encyclopedia/subject-entries/b/bortkun-szpotanska-katarzyna-en,false,
Bortnowski Marcin,true,1st March 1972,Żary,,,https://polmic.pl/en/encyclopedia/subject-entries/b/bortnowski-marcin-en,false,
Borzym Andrzej,true,,,,,https://polmic.pl/en/encyclopedia/subject-entries/b/borzym-andrzej-en,false,
Botor Henryk Jan,true,,,,,https://polmic.pl/en/encyclopedia/subject-entries/b/botor-henryk-jan-en,false,
Brochocka Katarzyna,true,4th January 1982,Lidzbark Warmiński,,,https://polmic.pl/en/encyclopedia/subject-entries/b/brochocka-katarzyna-en,false,
Bromboszcz Stanisław,true,24th March 1980,Krakow,,,https://polmic.pl/en/encyclopedia/subject-entries/b/bromboszcz-stanislaw-en,false,
Bruzdowicz-Tittel Joanna,true,17th May 1943,Warsaw,,,https://polmic.pl/en/encyclopedia/subject-entries/b/bruzdowicz-tittel-joanna-en,false,
Bryk Aleksander,true,,,,,https://polmic.pl/en/encyclopedia/subject-entries/b/bryk-aleksander-en,false,
Brzóska Szymon,true,,,,,https://polmic.pl/en/encyclopedia/subject-entries/b/brzoska-szymon-en,false,
Buchwald Magdalena,true,,,,,https://polmic.pl/en/encyclopedia/subject-entries/b/buchwald-magdalena-en,false,
Buczek Barbara,true,,,,,https://polmic.pl/en/encyclopedia/subject-entries/b/buczek-barbara-en,false,
Buczyński Paweł,true,7th April 1953,Laski,,,https://polmic.pl/en/encyclopedia/subject-entries/b/buczynski-pawel-en,false,
Buczyński Walter,true,17th December 1933,Toronto (Canada),,,https://polmic.pl/en/encyclopedia/subject-entries/b/buczynski-walter-en,true,Q7964414
Budzyński Bartłomiej,true,,,,,https://polmic.pl/en/encyclopedia/subject-entries/b/budzynski-bartlomiej-en,false,
Bujarski Zbigniew,true,21st August 1933,Muszyna,13th April 2018,Krakow,https://polmic.pl/en/encyclopedia/subject-entries/b/bujarski-zbigniew-en,false,
Bukowski Ryszard,true,,,,,https://polmic.pl/en/encyclopedia/subject-entries/b/bukowski-ryszard-en,false,
Bursa (Bursa-Dołęga) Stanisław Władysław,true,,,,,https://polmic.pl/en/encyclopedia/subject-entries/b/bursa-bursa-dolega-stanislaw-wladyslaw-en,false,
Bursa Lech Karol,true,,,,,https://polmic.pl/en/encyclopedia/subject-entries/b/bursa-lech-karol-en,false,
Bury Edward,true,,,,,https://polmic.pl/en/encyclopedia/subject-entries/b/bury-edward-en,false,
Burzyńska Nikolet,true,29th July 1989,Katowice,,,https://polmic.pl/en/encyclopedia/subject-entries/b/burzynska-nikolet-en,false,
Cato Diomedes,true,,,,,https://polmic.pl/en/encyclopedia/subject-entries/c/cato-diomedes-en,true,
Chachaj Tadeusz,true,,,,,https://polmic.pl/en/encyclopedia/subject-entries/c/chachaj-tadeusz-en,false,
Chajdecki Bartosz,true,,,,,https://polmic.pl/en/encyclopedia/subject-entries/c/chajdecki-bartosz-en,true,Q288898
Chang Eunho,true,,,,,https://polmic.pl/en/encyclopedia/subject-entries/c/chang-eunho-en,false,
Chełmecki Jarosław,true,,,,,https://polmic.pl/en/encyclopedia/subject-entries/c/chelmecki-jaroslaw-en,false,
Chmielewska Aleksandra,true,1st September 1993,Warsaw,,,https://polmic.pl/en/encyclopedia/subject-entries/c/chmielewska-aleksandra-en,false,
Chołoniewski Marek,true,23rd October 1953,Cracow,,,https://polmic.pl/en/encyclopedia/subject-entries/c/choloniewski-marek-en,false,
Chopin Fryderyk,true,,,,,https://polmic.pl/en/encyclopedia/subject-entries/c/chopin-fryderyk-en,false,
Chorosiński Andrzej,true,,,,,https://polmic.pl/en/encyclopedia/subject-entries/c/chorosinski-andrzej-en,false,
Chyrzyński Marcel,true,26 November 1971,Częstochowa,,,https://polmic.pl/en/encyclopedia/subject-entries/c/chyrzynski-marcel-en,true,Q11767342
Ciechan Zbigniew,true,,,,,https://polmic.pl/en/encyclopedia/subject-entries/c/ciechan-zbigniew-en,false,
Cienciała Wiesław,true,17 August 1961,Cieszyn,,,https://polmic.pl/en/encyclopedia/subject-entries/c/cienciala-wieslaw-en,false,
Cieślak Artur,true,30th December 1968,Szczecin,,,https://polmic.pl/en/encyclopedia/subject-entries/c/cieslak-artur-en,false,
Ciuciura Leoncjusz,true,22nd June 1930,Grodzisk Mazowiecki,28 February 2017,Grodzisk Mazowiecki,https://polmic.pl/en/encyclopedia/subject-entries/c/ciuciura-leoncjusz-en,false,
Cwojdziński Andrzej,true,,,,,https://polmic.pl/en/encyclopedia/subject-entries/c/cwojdzinski-andrzej-en,false,
Kochanowicz (Cybulska) Monika,true,,,,,https://polmic.pl/en/encyclopedia/subject-entries/k/cybulska-monika-en,false,
Cybulski Krzysztof,true,,,,,https://polmic.pl/en/encyclopedia/subject-entries/c/cybulski-krzysztof-en,false,
Cynk Magdalena,true,24th May 1968,Toruń,,,https://polmic.pl/en/encyclopedia/subject-entries/c/cynk-magdalena-en,false,
Czaja Krzysztof,true,5 July 1962,Warsaw,,,https://polmic.pl/en/encyclopedia/subject-entries/c/czaja-krzysztof-en,false,
Czajkowski Andrzej,true,,,,,https://polmic.pl/en/encyclopedia/subject-entries/c/czajkowski-andrzej-en,false,
Czarnecki Sławomir,true,23rd July 1949,Jelenia Góra,,,https://polmic.pl/en/encyclopedia/subject-entries/c/czarnecki-slawomir-en,false,
Czepiel Wojciech,true,,,,,https://polmic.pl/en/encyclopedia/subject-entries/c/czepiel-wojciech-en,false,
Czerniewicz Marek,true,,,,,https://polmic.pl/en/encyclopedia/subject-entries/c/czerniewicz-marek-en,false,
Czerny Edward,true,,,,,https://polmic.pl/en/encyclopedia/subject-entries/c/czerny-edward-en,false,
Czura Roman,true,,,,,https://polmic.pl/en/encyclopedia/subject-entries/c/czura-roman-en,false,
Czyż Henryk,true,16th June 1923,Grudziądz,16th January 2003,Warsaw,https://polmic.pl/en/encyclopedia/subject-entries/c/czyz-henryk-en,true,Q5730993
Czyżewski Henryk Stefan,true,15th July 1937,Włodzimierz Wołyński,21 September 2023,Lublin,https://polmic.pl/en/encyclopedia/subject-entries/c/czyzewski-henryk-stefan-en,false,
Dąbrowska-Rogala Urszula,true,,,,,https://polmic.pl/en/encyclopedia/subject-entries/d/dabrowska-rogala-urszula-en,false,
Dąbrowski Florian,true,2nd May 1913,Rosko near Czarnków on the Noteć River,20th November 2002,Poznań,https://polmic.pl/en/encyclopedia/subject-entries/d/dabrowski-florian-en,false,
Dalach Monika,true,,,,,https://polmic.pl/en/encyclopedia/subject-entries/d/dalach-monika-en,false,
Damrosz Ryszard,true,,,,,https://polmic.pl/en/encyclopedia/subject-entries/d/damrosz-ryszard-en,false,
Dębski Krzesimir,true,26 October 1953,Wałbrzych,,,https://polmic.pl/en/encyclopedia/subject-entries/d/debski-krzesimir-en,false,
Dębski Radzimir,true,30 April 1987,Szczecin,,,https://polmic.pl/en/encyclopedia/subject-entries/d/debski-radzimir-en,false,
Dera Jakub,true,,,,,https://polmic.pl/en/encyclopedia/subject-entries/d/dera-jakub-en,false,
Dixa Tadeusz,true,,,,,https://polmic.pl/en/encyclopedia/subject-entries/d/dixa-tadeusz-en,false,
Długoraj Wojciech (Albert),true,,,,,https://polmic.pl/en/encyclopedia/subject-entries/d/dlugoraj-wojciech-albert-en,false,
Długosz Magdalena,true,23 March 1954,Cracow,,,https://polmic.pl/en/encyclopedia/subject-entries/d/dlugosz-magdalena-en,false,
Dobrowolski Andrzej,true,9th September 1921,Lwów (Lvov),8th August 1990,Graz,https://polmic.pl/en/encyclopedia/subject-entries/d/dobrowolski-andrzej-en,true,Q2622143
Dobrzański Tadeusz,true,,,,,https://polmic.pl/en/encyclopedia/subject-entries/d/dobrzanski-tadeusz-en,false,
Dobrzyński Ignacy Feliks,true,,,,,https://polmic.pl/en/encyclopedia/subject-entries/d/dobrzynski-ignacy-feliks-en,false,
Dobrzyński Michał,true,24th November 1980,Szczecin,,,https://polmic.pl/en/encyclopedia/subject-entries/d/dobrzynski-michal-en,false,
Domagała Jacek,true,19th August 1947,Szczecinek,,,https://polmic.pl/en/encyclopedia/subject-entries/d/domagala-jacek-en,false,
Domański Edward G.,true,,,,,https://polmic.pl/en/encyclopedia/subject-entries/d/domanski-edward-g-en,false,
Dominiczak Robert,true,,,,,https://polmic.pl/en/encyclopedia/subject-entries/d/dominiczak-robert-en,false,
Domżał Józef,true,"December 11, 2003",Warsaw,,,https://polmic.pl/en/encyclopedia/subject-entries/d/domzal-jozef-en,false,
Ejsmont Piotr,true,,,,,https://polmic.pl/en/encyclopedia/subject-entries/e/ejsmont-piotr-en,false,
Ekier Jan,true,29August 1913,Cracow,,,https://polmic.pl/en/encyclopedia/subject-entries/e/ekier-jan-en,true,Q3137921
Elsner Józef Antoni Franciszek,true,,,,,https://polmic.pl/en/encyclopedia/subject-entries/e/elsner-jozef-antoni-franciszek-en,false,
Esztényi Szabolcs,true,20th December 1939,Budapest,29th June 2024,Warsaw,https://polmic.pl/en/encyclopedia/subject-entries/e/esztenyi-szabolcs-en,true,Q11836663
Fabiańska-Jelińska Ewa,true,13th November 1989,Toruń,,,https://polmic.pl/en/encyclopedia/subject-entries/f/fabianska-jelinska-ewa-en,false,
Falenta Adam,true,"December 17, 2005",Toruń,,,https://polmic.pl/en/encyclopedia/subject-entries/f/falenta-adam-en,false,
Falkiewicz Adam,true,,,,,https://polmic.pl/en/encyclopedia/subject-entries/f/falkiewicz-adam-en,false,
Farcinkiewicz Łukasz,true,21st June 1981,Warsaw,,,https://polmic.pl/en/encyclopedia/subject-entries/f/farcinkiewicz-lukasz-en,false,
Filus Sylvia,true,,,,,https://polmic.pl/en/encyclopedia/subject-entries/f/filus-sylvia-en,false,
Fitelberg Grzegorz,true,"October 18, 1879",Daugavpils (Latvia),"June 10, 1953",Katowice,https://polmic.pl/en/encyclopedia/subject-entries/f/fitelberg-grzegorz-en,true,Q983103
Fitelberg Jerzy,true,,,,,https://polmic.pl/en/encyclopedia/subject-entries/f/fitelberg-jerzy-en,false,
Florczyk Janusz,true,,,,,https://polmic.pl/en/encyclopedia/subject-entries/f/florczyk-janusz-en,false,
Foltyn Adrian,true,22nd April 1978,Wrocław,,,https://polmic.pl/en/encyclopedia/subject-entries/f/foltyn-adrian-en,false,
Fontana Julian,true,,,,,https://polmic.pl/en/encyclopedia/subject-entries/f/fontana-julian-en,false,
Fotek Jan,true,28th November 1928,Czerwińsk on the Vistula,,,https://polmic.pl/en/encyclopedia/subject-entries/f/fotek-jan-en,false,
Frenkel Stefan,true,,,,,https://polmic.pl/en/encyclopedia/subject-entries/f/frenkel-stefan-en,false,
Friemann Witold,true,20th August 1889,Konin,22nd March 1977,Laski near Warsaw,https://polmic.pl/en/encyclopedia/subject-entries/f/friemann-witold-en,false,
Gabryś Aleksander,true,,,,,https://polmic.pl/en/encyclopedia/subject-entries/g/gabrys-aleksander-en,false,
Gabryś Ryszard,true,,,,,https://polmic.pl/en/encyclopedia/subject-entries/g/gabrys-ryszard-en,true,Q9324689
Gabrysiewicz Paweł,true,,,,,https://polmic.pl/en/encyclopedia/subject-entries/g/gabrysiewicz-pawel-en,false,
Gadomski Henryk,true,,,,,https://polmic.pl/en/encyclopedia/subject-entries/g/gadomski-henryk-en,false,
Garbal Aleksandra,true,3rd April 1970,Wielowieś near Gliwice,,,https://polmic.pl/en/encyclopedia/subject-entries/g/garbal-aleksandra-en,false,
Garścia Janina,true,,,,,https://polmic.pl/en/encyclopedia/subject-entries/g/garscia-janina-en,false,
Garztecka-Jarzębska Irena,true,,,,,https://polmic.pl/en/encyclopedia/subject-entries/g/garztecka-jarzebska-irena-en,false,
Gawlas Krzysztof,true,,,,,https://polmic.pl/en/encyclopedia/subject-entries/g/gawlas-krzysztof-en,false,
Geiger Wacław,true,,,,,https://polmic.pl/en/encyclopedia/subject-entries/g/geiger-waclaw-en,false,
Gelbrun Artur,true,,,,,https://polmic.pl/en/encyclopedia/subject-entries/g/gelbrun-artur-en,false,
Gliniak Bartłomiej,true,,,,,https://polmic.pl/en/encyclopedia/subject-entries/g/gliniak-bartlomiej-en,false,
Glinkowski Aleksander,true,,,,,https://polmic.pl/en/encyclopedia/subject-entries/g/glinkowski-aleksander-en,true,Q9145413
Głowicka Katarzyna,true,,,,,https://polmic.pl/en/encyclopedia/subject-entries/g/glowicka-katarzyna-en,false,
Głowski Eugeniusz,true,,,,,https://polmic.pl/en/encyclopedia/subject-entries/g/glowski-eugeniusz-en,false,
Głuch Marcin Dominik,true,7 May 1973,Warsaw,,,https://polmic.pl/en/encyclopedia/subject-entries/g/gluch-marcin-dominik-en,false,
Gniot Walerian,true,,,,,https://polmic.pl/en/encyclopedia/subject-entries/g/gniot-walerian-en,false,
Godyla Łukasz,true,28th March 1985,Mikstat,,,https://polmic.pl/en/encyclopedia/subject-entries/g/godyla-lukasz-en,false,
Godziemba-Trytek Szymon,true,21st February 1988,Bielsko-Biała,,,https://polmic.pl/en/encyclopedia/subject-entries/g/godziemba-trytek-szymon-en,false,
Golec Beata Elżbieta,true,,,,,https://polmic.pl/en/encyclopedia/subject-entries/g/golec-beata-e-en,false,
Gołembiowski Jarosław,true,"February 10, 1958",Bielsko-Biała,,,https://polmic.pl/en/encyclopedia/subject-entries/g/golembiowski-jaroslaw-en,false,
Gomółka Mikołaj,true,,,,,https://polmic.pl/en/encyclopedia/subject-entries/g/gomolka-mikolaj-en,true,Q725163
Gorczycki (Gorczyca) Grzegorz Gerwazy,true,,,,,https://polmic.pl/en/encyclopedia/subject-entries/g/gorczycki-gorczyca-grzegorz-gerwazy-en,false,
Gordiejuk Marian,true,,,,,https://polmic.pl/en/encyclopedia/subject-entries/g/gordiejuk-marian-en,false,
Górecki Henryk Mikołaj,true,6th December 1933,Czernica (near Rybnik),12th November 2010,,https://polmic.pl/en/encyclopedia/subject-entries/g/gorecki-henryk-mikolaj-en,false,
Górecki Mikołaj Piotr,true,,,,,https://polmic.pl/en/encyclopedia/subject-entries/g/gorecki-mikolaj-piotr-en,false,
Gorgoń Robert,true,,,,,https://polmic.pl/en/encyclopedia/subject-entries/g/gorgon-robert-en,false,
Gorzycki Rafał,true,,,,,https://polmic.pl/en/encyclopedia/subject-entries/g/gorzycki-rafal-en,false,
Gradstein Alfred,true,,,,,https://polmic.pl/en/encyclopedia/subject-entries/g/gradstein-alfred-en,false,
Grajter Piotr,true,,,,,https://polmic.pl/en/encyclopedia/subject-entries/g/grajter-piotr-en,false,
Grella-Możejko Piotr,true,15 March 1961,Bytom,,,https://polmic.pl/en/encyclopedia/subject-entries/g/grella-mozejko-piotr-en,false,
Grigaitis Walter,true,,,,,https://polmic.pl/en/encyclopedia/subject-entries/g/grigaitis-walter-en,false,
Grinholc Piotr,true,,,,,https://polmic.pl/en/encyclopedia/subject-entries/g/grinholc-piotr-en,false,
Gronau Alicja,true,7th December 1957,Warsaw,,,https://polmic.pl/en/encyclopedia/subject-entries/g/gronau-alicja-en,false,
Gronowicz Michał,true,,,,,https://polmic.pl/en/encyclopedia/subject-entries/g/gronowicz-michal-en,false,
Grubba Gedymin,true,17th July 1981,Gdansk,,,https://polmic.pl/en/encyclopedia/subject-entries/g/grubba-gedymin-en,false,
Grudzień Jacek,true,7th December 1961,Warsaw,,,https://polmic.pl/en/encyclopedia/subject-entries/g/grudzien-jacek-en,false,
Grudziński Czesław,true,,,,,https://polmic.pl/en/encyclopedia/subject-entries/g/grudzinski-czeslaw-en,false,
Gryka Aleksandra,true,17th May 1977,Warsaw,,,https://polmic.pl/en/encyclopedia/subject-entries/g/gryka-aleksandra-en,false,
Gryska Piotr,true,,,,,https://polmic.pl/en/encyclopedia/subject-entries/g/gryska-piotr-en,false,
Grzeszczak Krzysztof,true,,,,,https://polmic.pl/en/encyclopedia/subject-entries/g/grzeszczak-krzysztof-en,false,
Grzywacz Janusz,true,13th May 1947,Zakopane,,,https://polmic.pl/en/encyclopedia/subject-entries/g/grzywacz-janusz-en,false,
Gumiela Marcin,true,,,,,https://polmic.pl/en/encyclopedia/subject-entries/g/gumiela-marcin-en,false,
Guzowski Kazimierz,true,,,,,https://polmic.pl/en/encyclopedia/subject-entries/g/guzowski-kazimierz-en,false,
Hans Olga,true,,,,,https://polmic.pl/en/encyclopedia/subject-entries/h/hans-olga-en,true,Q7086577
Has Stanisław,true,,,,,https://polmic.pl/en/encyclopedia/subject-entries/h/has-stanislaw-en,false,
Haubenstock-Ramati Roman,true,27th February 1919,Kraków,3rd March 1994,Vienna,https://polmic.pl/en/encyclopedia/subject-entries/h/haubenstock-ramati-roman-en,true,Q526993
Hawel Jan Wincenty,true,10th July 1936,Pszów near Wodzisław in Upper Silesia,,,https://polmic.pl/en/encyclopedia/subject-entries/h/hawel-jan-wincenty-en,true,Q11717670
Hendrich Paweł,true,21st April 1979,Wrocław,,,https://polmic.pl/en/encyclopedia/subject-entries/h/hendrich-pawel-en,false,
Herdzin Krzysztof,true,21st May 1970,Bydgoszcz,,,https://polmic.pl/en/encyclopedia/subject-entries/h/herdzin-krzysztof-en,false,
Hertel Piotr,true,,,,,https://polmic.pl/en/encyclopedia/subject-entries/h/hertel-piotr-en,false,
Hofmann Józef,true,,,,,https://polmic.pl/en/encyclopedia/subject-entries/h/hofman-jozef-en,false,
Hundziak Andrzej,true,,,,,https://polmic.pl/en/encyclopedia/subject-entries/h/hundziak-andrzej-en,false,
Hussar Małgorzata,true,,,,,https://polmic.pl/en/encyclopedia/subject-entries/h/hussar-malgorzata-en,false,
Huszcza Anna Maria,true,23rd March 1987,Rzeszów,,,https://polmic.pl/en/encyclopedia/subject-entries/h/huszcza-anna-maria-en,false,
Ignatowicz-Glińska Anna,true,26th May 1968,Warsaw,,,https://polmic.pl/en/encyclopedia/subject-entries/i/ignatowicz-glinska-anna-en,false,
Ilgner Bogusława,true,,,,,https://polmic.pl/en/encyclopedia/subject-entries/i/ilgner-boguslawa-en,false,
Iżykowski Roman,true,,,,,https://polmic.pl/en/encyclopedia/subject-entries/i/izykowski-roman-en,false,
Jabłońska Daria,true,,,,,https://polmic.pl/en/encyclopedia/subject-entries/j/jablonska-daria-en,false,
Jabłoński Henryk Hubertus,true,,,,,https://polmic.pl/en/encyclopedia/subject-entries/j/jablonski-henryk-hubertus-en,false,
Jabłoński Maciej,true,29th July 1974,Golub-Dobrzyń,,,https://polmic.pl/en/encyclopedia/subject-entries/j/jablonski-maciej-en,false,
Jabri Zaid,true,,,,,https://polmic.pl/en/encyclopedia/subject-entries/j/jabri-zaid-en,false,
Jachim Marcin,true,,,,,https://polmic.pl/en/encyclopedia/subject-entries/j/jachim-marcin-en,false,
Jack Dagmara,true,,,,,https://polmic.pl/en/encyclopedia/subject-entries/j/jack-dagmara-en,false,
Jakajtis Ludwik,true,7th September 1904,Kaunas [now Lithuania],15th January 1987,Szczecin,https://polmic.pl/en/encyclopedia/subject-entries/j/jakajtis-ludwik-en,false,
Janas Paweł,true,,,,,https://polmic.pl/en/encyclopedia/subject-entries/j/janas-pawel-en,false,
Janczak Krzysztof Aleksander,true,,,,,https://polmic.pl/en/encyclopedia/subject-entries/j/janczak-krzysztof-aleksander-en,false,
Janiak Rafał,true,2nd June 1986,Olsztyn,,,https://polmic.pl/en/encyclopedia/subject-entries/j/janiak-rafal-en,false,
Jankowski Igor,true,23rd November 1983,Minsk,,,https://polmic.pl/en/encyclopedia/subject-entries/j/jankowski-igor-en,false,
Janocha Michał,true,"February 7, 1990",Łowicz,,,https://polmic.pl/en/encyclopedia/subject-entries/j/janocha-michal-en,false,
Janulytė Justė,true,,,,,https://polmic.pl/en/encyclopedia/subject-entries/j/janulyte-juste-en,false,
Jarecki Henryk,true,,,,,https://polmic.pl/en/encyclopedia/subject-entries/j/jarecki-henryk-en,true,Q9288250
Jarecki Tadeusz,true,,,,,https://polmic.pl/en/encyclopedia/subject-entries/j/jarecki-tadeusz-en,true,Q9354347
Jargoń Jan,true,23rd June 1928,Pawłów,31 October 1995,Kraków,https://polmic.pl/en/encyclopedia/subject-entries/j/jargon-jan-en,false,
Jarmołowicz Bogdan,true,,,,,https://polmic.pl/en/encyclopedia/subject-entries/j/jarmolowicz-bogdan-en,false,
Jarzębski Adam,true,,,,,https://polmic.pl/en/encyclopedia/subject-entries/j/jarzebski-adam-en,true,
Jarzyński Dawid,true,,,,,https://polmic.pl/en/encyclopedia/subject-entries/j/jarzynski-dawid-en,false,
Jasiński Marek,true,10th Sept. 1949,Stargard Szczeciński,15th February 2010,Cluj-Napoca (Romania),https://polmic.pl/en/encyclopedia/subject-entries/j/jasinski-marek-en,false,
Jaskot Dobromiła,true,29th May 1981,Toruń,,,https://polmic.pl/en/encyclopedia/subject-entries/j/jaskot-dobromila-en,false,
Jastrzębska Anna Danuta,true,,,,,https://polmic.pl/en/encyclopedia/subject-entries/j/jastrzebska-anna-danuta-en,false,
Jaźwińska (Jazwinski) Barbara,true,,,,,https://polmic.pl/en/encyclopedia/subject-entries/j/jazwinska-jazwinski-barbara-en,false,
Jędrzejewska Anna,true,27th February 1971,Wrocław,,,https://polmic.pl/en/encyclopedia/subject-entries/j/jedrzejewska-anna-en,false,
Jędrzejewski Janusz,true,,,,,https://polmic.pl/en/encyclopedia/subject-entries/j/jedrzejewski-janusz-en,false,
Jędrzejewski Robert,true,,,,,https://polmic.pl/en/encyclopedia/subject-entries/j/jedrzejewski-robert-en,false,
Kabalewski Władysław,true,,,,,https://polmic.pl/en/encyclopedia/subject-entries/k/kabalewski-wladyslaw-en,false,
Kaczorowski Sławomir,true,14th March 1956,Łódź,,,https://polmic.pl/en/encyclopedia/subject-entries/k/kaczorowski-slawomir-en,false,
Kaczyński Adam,true,,,,,https://polmic.pl/en/encyclopedia/subject-entries/k/kaczynski-adam-en,false,
Kahl Janusz,true,,,,,https://polmic.pl/en/encyclopedia/subject-entries/k/kahl-janusz-en,false,
Kałamarz Wojciech,true,,,,,https://polmic.pl/en/encyclopedia/subject-entries/k/kalamarz-wojciech-en,false,
Kamieński Łucjan,true,,,,,https://polmic.pl/en/encyclopedia/subject-entries/k/kamienski-lucjan-en,false,
Kaniowska Małgorzata,true,,,,,https://polmic.pl/en/encyclopedia/subject-entries/k/kaniowska-malgorzata-en,false,
Kaper Bronisław [Bronislau],true,,,,,https://polmic.pl/en/encyclopedia/subject-entries/k/kaper-bronislaw-bronislau-en,false,
Kapuściński Jarosław,true,,,,,https://polmic.pl/en/encyclopedia/subject-entries/k/kapuscinski-jaroslaw-en,true,Q19958235
Karałow Andrzej,true,11th January 1991,Łódź,,,https://polmic.pl/en/encyclopedia/subject-entries/k/karalow-andrzej-en,false,
Karczyński Aleksander,true,,,,,https://polmic.pl/en/encyclopedia/subject-entries/k/karczynski-aleksander-en,false,
Karłowicz Mieczysław,true,11th Dec. 1876,Wiszniewo,8th Feb. 1909,the Tatra,https://polmic.pl/en/encyclopedia/subject-entries/k/karlowicz-mieczyslaw-en,true,Q508891
Karski Dominik,true,24th June 1972,Szczebrzeszyn,,,https://polmic.pl/en/encyclopedia/subject-entries/k/karski-dominik-en,false,
Kassern Tadeusz Zygfryd,true,,,,,https://polmic.pl/en/encyclopedia/subject-entries/k/kassern-tadeusz-zygfryd-en,false,
Kasztelan Wacław,true,,,,,https://polmic.pl/en/encyclopedia/subject-entries/k/kasztelan-waclaw-en,false,
Kaszuba Barbara,true,,,,,https://polmic.pl/en/encyclopedia/subject-entries/k/kaszuba-barbara-en,false,
Kaszycki Jerzy,true,,,,,https://polmic.pl/en/encyclopedia/subject-entries/k/kaszycki-jerzy-en,false,
Kaszycki Lucjan,true,,,,,https://polmic.pl/en/encyclopedia/subject-entries/k/kaszycki-lucjan-en,false,
Kataszek Szymon,true,,,,,https://polmic.pl/en/encyclopedia/subject-entries/k/kataszek-szymon-en,false,
Kątski Antoni,true,,,7th December 1899,Ivanchytsi (Ukraine),https://polmic.pl/en/encyclopedia/subject-entries/k/katski-antoni-en,true,Q263091
Kątski Apolinary,true,,,,,https://polmic.pl/en/encyclopedia/subject-entries/k/katski-apolinary-en,false,
Kawalla Szymon,true,,,,,https://polmic.pl/en/encyclopedia/subject-entries/k/kawalla-szymon-en,false,
Kazuro Stanisław,true,,,,,https://polmic.pl/en/encyclopedia/subject-entries/k/kazuro-stanislaw-en,false,
Kędziora Monika,true,25th June 1971,Ostrów Wielkopolski,,,https://polmic.pl/en/encyclopedia/subject-entries/k/kedziora-monika-en,false,
Kiełb Krystian,true,,,,,https://polmic.pl/en/encyclopedia/subject-entries/k/kielb-krystian-en,false,
Kiesewetter Tomasz,true,8th September 1911,Sosnowiec,29th November 1992,Łódź,https://polmic.pl/en/encyclopedia/subject-entries/k/kiesewetter-tomasz-en,false,
Kilar Wojciech,true,17 July 1932,Lviv,29 December 2013,Katowice,https://polmic.pl/en/encyclopedia/subject-entries/k/kilar-wojciech-en,true,Q319777
Kisiel Iwona,true,,,,,https://polmic.pl/en/encyclopedia/subject-entries/k/kisiel-iwona-en,false,
Kisielewski Stefan,true,7th March 1911,Warsaw,27th Sept. 1991,Warsaw,https://polmic.pl/en/encyclopedia/subject-entries/k/kisielewski-stefan-en,false,
Klechniowska Anna Maria,true,15th April 1888,Borowka,26th August 1973,Warsaw,https://polmic.pl/en/encyclopedia/subject-entries/k/klechniowska-anna-maria-en,true,Q4767303
Klecki Paweł,true,,,,,https://polmic.pl/en/encyclopedia/subject-entries/k/klecki-pawel-en,false,
Klejne Henryk,true,,,,,https://polmic.pl/en/encyclopedia/subject-entries/k/klejne-henryk-en,false,
Klimek Piotr,true,,,,,https://polmic.pl/en/encyclopedia/subject-entries/k/klimek-piotr-en,false,
Klisowski Ryszard Mieczysław,true,29th October 1937,Łuck,,,https://polmic.pl/en/encyclopedia/subject-entries/k/klisowski-ryszard-mieczyslaw-en,false,
Klocek Adam,true,,,,,https://polmic.pl/en/encyclopedia/subject-entries/k/klocek-adam-en,false,
Kłoczko Rafał,true,,,,,https://polmic.pl/en/encyclopedia/subject-entries/k/kloczko-rafal-en,false,
Klukowski Józef Tadeusz,true,,,,,https://polmic.pl/en/encyclopedia/subject-entries/k/klukowski-jozef-tadeusz-en,false,
Kluzowicz Michał,true,,,,,https://polmic.pl/en/encyclopedia/subject-entries/k/kluzowicz-michal-en,false,
Knapik Eugeniusz,true,9th July 1951,Ruda Śląska,,,https://polmic.pl/en/encyclopedia/subject-entries/k/knapik-eugeniusz-en,false,
Knittel Krzysztof,true,"May 1, 1947",Warsaw,,,https://polmic.pl/en/encyclopedia/subject-entries/k/knittel-krzysztof-en,true,Q1323137
Kobiałka Mateusz,true,15th February 1978,Cracow,,,https://polmic.pl/en/encyclopedia/subject-entries/k/kobialka-mateusz-en,false,
Kochaniec Konstancja,true,,,,,https://polmic.pl/en/encyclopedia/subject-entries/k/kochaniec-konstancja-en,false,
Koczalski Raul,true,,,,,https://polmic.pl/en/encyclopedia/subject-entries/k/koczalski-raul-en,false,
Koffler Józef,true,28th November 1896,Stryj (now the Ukraine),,,https://polmic.pl/en/encyclopedia/subject-entries/k/koffler-jozef-en,true,Q655026
Kolberg Henryk Oskar,true,,,,,https://polmic.pl/en/encyclopedia/subject-entries/k/kolberg-henryk-oskar-en,false,
Koliński Mieczysław,true,,,,,https://polmic.pl/en/encyclopedia/subject-entries/k/kolinski-mieczyslaw-en,false,
Komiażyk Magdalena,true,,,,,https://polmic.pl/en/encyclopedia/subject-entries/k/komiazyk-magdalena-en,false,
Komorowski Ignacy Marceli,true,,,,,https://polmic.pl/en/encyclopedia/subject-entries/k/komorowski-ignacy-marceli-en,false,
Komorowski Piotr A.,true,,,,,https://polmic.pl/en/encyclopedia/subject-entries/k/komorowski-piotr-a-en,false,
Komsta Marzena,true,7th February 1970,Gdynia,,,https://polmic.pl/en/encyclopedia/subject-entries/k/komsta-marzena-en,true,Q3296372
Konarski Adrian,true,,,,,https://polmic.pl/en/encyclopedia/subject-entries/k/konarski-adrian-en,false,
Kondracki Michał,true,,,,,https://polmic.pl/en/encyclopedia/subject-entries/k/kondracki-michal-en,false,
Konieczny Zygmunt,true,3rd January 1937,Kraków,,,https://polmic.pl/en/encyclopedia/subject-entries/k/konieczny-zygmunt-en,false,
Konopasek Feliks,true,,,,,https://polmic.pl/en/encyclopedia/subject-entries/k/konopasek-feliks-en,false,
Konowalski Benedykt,true,21st March 1928,Radom,27th January 2021,Warsaw,https://polmic.pl/en/encyclopedia/subject-entries/k/konowalski-benedykt-en,false,
Kopczyński Marcin,true,,,,,https://polmic.pl/en/encyclopedia/subject-entries/k/kopczynski-marcin-en,false,
Koprowski Piotr Paweł,true,24th August 1947,Łódź,,,https://polmic.pl/en/encyclopedia/subject-entries/k/koprowski-piotr-pawel-en,false,
Korczak Janusz Krzysztof Michał,true,,,,,https://polmic.pl/en/encyclopedia/subject-entries/k/korczak-janusz-krzysztof-michal-en,false,
Kordaczuk Jarosław,true,18th August 1967,Biskupiec,,,https://polmic.pl/en/encyclopedia/subject-entries/k/kordaczuk-jaroslaw-en,false,
Kornowicz Jerzy,true,12th August 1959,Lublin,,,https://polmic.pl/en/encyclopedia/subject-entries/k/kornowicz-jerzy-en,false,
Korzeniowski Abel,true,,,,,https://polmic.pl/en/encyclopedia/subject-entries/k/korzeniowski-abel-en,false,
Kościów Aleksander,true,5th May 1974,Opole,,,https://polmic.pl/en/encyclopedia/subject-entries/k/kosciow-aleksander-en,false,
Kosecka Martyna,true,18th January 1989,Gdynia,,,https://polmic.pl/en/encyclopedia/subject-entries/k/kosecka-martyna-en,false,
Kosecki Kamil,true,,,,,https://polmic.pl/en/encyclopedia/subject-entries/k/kosecki-kamil-en,false,
Koszewski Andrzej,true,"26th July, 1922",Poznań,17th February 2015,Poznań,https://polmic.pl/en/encyclopedia/subject-entries/k/koszewski-andrzej-en,true,Q515103
Kotoński Włodzimierz,true,23rd August 1925,Warsaw,4th September 2014,Warsaw,https://polmic.pl/en/encyclopedia/subject-entries/k/kotonski-wlodzimierz-en,true,Q1385024
Kowalewski Jakub Wiktor,true,,,,,https://polmic.pl/en/encyclopedia/subject-entries/k/kowalewski-jakub-wiktor-en,false,
Kowalowski Zenon,true,,,,,https://polmic.pl/en/encyclopedia/subject-entries/k/kowalowski-zenon-en,false,
Kowalska-Lasoń Justyna,true,,,,,https://polmic.pl/en/encyclopedia/subject-entries/k/kowalska-lason-justyna-en,false,
Kowalski-Banasewicz Bartosz,true,,,,,https://polmic.pl/en/encyclopedia/subject-entries/k/kowalski-banasewicz-bartosz-en,false,
Koziej Zuzanna,true,,,,,https://polmic.pl/en/encyclopedia/subject-entries/k/koziej-zuzanna-en,false,
Kozłowski Aleksander,true,,,,,https://polmic.pl/en/encyclopedia/subject-entries/k/kozlowski-aleksander-en,false,
Kozłowski Jarosław,true,,,,,https://polmic.pl/en/encyclopedia/subject-entries/k/kozlowski-jaroslaw-en,false,
Kozłowski Krzysztof,true,,,,,https://polmic.pl/en/encyclopedia/subject-entries/k/kozlowski-krzysztof-en,false,
Kozub Zbigniew,true,,,,,https://polmic.pl/en/encyclopedia/subject-entries/k/kozub-zbigniew-en,false,
Krajewski Sebastian,true,,,,,https://polmic.pl/en/encyclopedia/subject-entries/k/krajewski-sebastian-en,false,
Krauze Zygmunt,true,19 September 1938,Warsaw,,,https://polmic.pl/en/encyclopedia/subject-entries/k/krauze-zygmunt-en,true,Q245348
Krawczyk Agata,true,,,,,https://polmic.pl/en/encyclopedia/subject-entries/k/krawczyk-agata-en,false,
Krcha Bartłomiej,true,,,,,https://polmic.pl/en/encyclopedia/subject-entries/k/krcha-bartlomiej-en,false,
Krenz Jan,true,14th July 1926,Włocławek,,,https://polmic.pl/en/encyclopedia/subject-entries/k/krenz-jan-en,false,
Król Waldemar,true,,,,,https://polmic.pl/en/encyclopedia/subject-entries/k/krol-waldemar-en,false,
Kroschel Artur,true,,,,,https://polmic.pl/en/encyclopedia/subject-entries/k/kroschel-artur-en,false,
Kruczek Zbigniew,true,,,,,https://polmic.pl/en/encyclopedia/subject-entries/k/kruczek-zbigniew-en,false,
Krupowicz Stanisław,true,25th November 1952,Grodno,,,https://polmic.pl/en/encyclopedia/subject-entries/k/krupowicz-stanislaw-en,false,
Krzanowska Grażyna,true,,,,,https://polmic.pl/en/encyclopedia/subject-entries/k/krzanowska-grazyna-en,false,
Krzanowski Andrzej,true,9th April 1951,Bielsko-Biała,1st October 1990,Czechowice-Dziedzice,https://polmic.pl/en/encyclopedia/subject-entries/k/krzanowski-andrzej-en,false,
Krzemieński Witold,true,20th April 1909,Lviv,27th August 2001,Poznań,https://polmic.pl/en/encyclopedia/subject-entries/k/krzemienski-witold-en,false,
Krzyżanowski Tomasz,true,,,,,https://polmic.pl/en/encyclopedia/subject-entries/k/krzyzanowski-tomasz-en,false,
Kuczyński Marek,true,,,,,https://polmic.pl/en/encyclopedia/subject-entries/k/kuczynski-marek-en,false,
Kułakowski Leszek,true,,,,,https://polmic.pl/en/encyclopedia/subject-entries/k/kulakowski-leszek-en,false,
Kulenty Hanna,true,18th March 1961,Białystok,,,https://polmic.pl/en/encyclopedia/subject-entries/k/kulenty-hanna-en,true,Q453451
Kulenty Michał,true,,,,,https://polmic.pl/en/encyclopedia/subject-entries/k/kulenty-michal-en,false,
Kuls Aleksandra,true,,,,,https://polmic.pl/en/encyclopedia/subject-entries/k/kuls-aleksandra-en,false,
Kunicki Marek,true,,,,,https://polmic.pl/en/encyclopedia/subject-entries/k/kunicki-marek-en,false,
Kupczak Sławomir,true,,,,,https://polmic.pl/en/encyclopedia/subject-entries/k/kupczak-slawomir-en,false,
Kuran Szymon,true,,,,,https://polmic.pl/en/encyclopedia/subject-entries/k/kuran-szymon-en,false,
Kurylewicz Andrzej,true,"Nov. 24, 1932",Lwów (Lvov),"April 13, 2007",Konstancin,https://polmic.pl/en/encyclopedia/subject-entries/k/kurylewicz-andrzej-en,false,
Kuźnik Norbert Mateusz,true,,,,,https://polmic.pl/en/encyclopedia/subject-entries/k/kuznik-norbert-mateusz-en,false,
Kwapiński Paweł,true,,,,,https://polmic.pl/en/encyclopedia/subject-entries/k/kwapinski-pawel-en,false,
Kwiatkowska Daria Dobrochna,true,,,,,https://polmic.pl/en/encyclopedia/subject-entries/k/kwiatkowska-daria-dobrochna-en,false,
Kwiatkowski Ryszard,true,,,,,https://polmic.pl/en/encyclopedia/subject-entries/k/kwiatkowski-ryszard-en,false,
Kwiecień-Długosz Katarzyna,true,,,,,https://polmic.pl/en/encyclopedia/subject-entries/k/kwiecien-dlugosz-katarzyna-en,false,
Kwieciński Andrzej,true,11th June 1984,Warsaw,,,https://polmic.pl/en/encyclopedia/subject-entries/k/kwiecinski-andrzej-en,false,
Łabuński Feliks Roderyk,true,,,,,https://polmic.pl/en/encyclopedia/subject-entries/l-1/labunski-feliks-roderyk-en,false,
Łabuński Wiktor,true,April 14th 1895,St,January 26th 1974,Kansas City (Missouri),https://polmic.pl/en/encyclopedia/subject-entries/l-1/labunski-wiktor-en,false,
Lachert Piotr,true,,,,,https://polmic.pl/en/encyclopedia/subject-entries/l/lachert-piotr-en,true,Q707254
Lachman Wacław,true,,,,,https://polmic.pl/en/encyclopedia/subject-entries/l/lachman-waclaw-en,false,
Ładyżyński Sebastian,true,28th August 1985,Wrocław,,,https://polmic.pl/en/encyclopedia/subject-entries/l-1/ladyzynski-sebastian-en,false,
Laks Szymon,true,,,,,https://polmic.pl/en/encyclopedia/subject-entries/l/laks-szymon-en,false,
Lampart Zbigniew A.,true,,,,,https://polmic.pl/en/encyclopedia/subject-entries/l/lampart-zbigniew-a-en,false,
Laskowski Mikołaj,true,14th October 1988,Gdynia,,,https://polmic.pl/en/encyclopedia/subject-entries/l/laskowski-mikolaj-en,false,
Lasocki Józef Karol,true,,,,,https://polmic.pl/en/encyclopedia/subject-entries/l/lasocki-jozef-karol-en,false,
Lasoń Aleksander,true,10 November 1951,Siemianowice Śląskie,,,https://polmic.pl/en/encyclopedia/subject-entries/l/lason-aleksander-en,false,
Lasoń Stanisław,true,,,,,https://polmic.pl/en/encyclopedia/subject-entries/l/lason-stanislaw-en,false,
Latecki Ryszard,true,,,,,https://polmic.pl/en/encyclopedia/subject-entries/l/latecki-ryszard-en,false,
Ledoff Lena,true,,,,,https://polmic.pl/en/encyclopedia/subject-entries/l/ledoff-lena-en,false,
Lefeld Jerzy,true,,,,,https://polmic.pl/en/encyclopedia/subject-entries/l/lefeld-jerzy-en,false,
Lemiszewski Marcin,true,,,,,https://polmic.pl/en/encyclopedia/subject-entries/l/lemiszewski-marcin-en,false,
Leopolita Marcin,true,,,,,https://polmic.pl/en/encyclopedia/subject-entries/l/leopolita-marcin-en,true,Q954206
Lessel Franciszek,true,,,,,https://polmic.pl/en/encyclopedia/subject-entries/l/lessel-franciszek-en,true,Q325057
Liban z Legnicy Jerzy,true,,,,,https://polmic.pl/en/encyclopedia/subject-entries/l/liban-z-legnicy-jerzy-en,false,
Lipiński Karol,true,,,,,https://polmic.pl/en/encyclopedia/subject-entries/l/lipinski-karol-en,false,
Litwiński Mieczysław,true,,,,,https://polmic.pl/en/encyclopedia/subject-entries/l/litwinski-mieczyslaw-en,false,
Lorenc Michał,true,5th October 1955,Warsaw,,,https://polmic.pl/en/encyclopedia/subject-entries/l/lorenc-michal-en,false,
Łowżył Zbigniew,true,,,,,https://polmic.pl/en/encyclopedia/subject-entries/l-1/lowzyl-zbigniew-en,false,
Lubieniecki Ryszard,true,,,,,https://polmic.pl/en/encyclopedia/subject-entries/l/lubieniecki-ryszard-en,false,
Lublin Jarosław,true,,,,,https://polmic.pl/en/encyclopedia/subject-entries/l/lublin-jaroslaw-en,false,
Łuciuk Juliusz,true,1st January 1927,Brzeźnica near Radomsko,17th October 2020,Kraków,https://polmic.pl/en/encyclopedia/subject-entries/l-1/luciuk-juliusz-en,false,
Łuczkowski Radosław,true,,,,,https://polmic.pl/en/encyclopedia/subject-entries/l-1/luczkowski-radoslaw-en,false,
Łukaszewski Marcin Tadeusz,true,20th November 1972,Częstochowa,,,https://polmic.pl/en/encyclopedia/subject-entries/l-1/lukaszewski-marcin-tadeusz-en,false,
Łukaszewski Paweł,true,19th September 1968,Częstochowa,,,https://polmic.pl/en/encyclopedia/subject-entries/l-1/lukaszewski-pawel-en,false,
Łukaszewski Wojciech,true,10th March 1936,Częstochowa,13th April 1978,Częstochowa,https://polmic.pl/en/encyclopedia/subject-entries/l-1/lukaszewski-wojciech-en,false,
Łukowiec Paweł,true,,,,,https://polmic.pl/en/encyclopedia/subject-entries/l-1/lukowiec-pawel-en,false,
Lutosławski Witold,true,"Jan. 25, 1913",Warsaw,"Feb. 7, 1994",Warsaw,https://polmic.pl/en/encyclopedia/subject-entries/l/lutoslawski-witold-en,true,Q156472
Machl Tadeusz,true,22 October 1922,Lwów (Lvov,31st August 2003,Cracow,https://polmic.pl/en/encyclopedia/subject-entries/m/machl-tadeusz-en,false,
Maciejewski Roman,true,28 February 1910,Berlin,30 April 1998,Göteborg,https://polmic.pl/en/encyclopedia/subject-entries/m/maciejewski-roman-en,false,
Madey Bogusław,true,31st May 1932,Sosnowiec,,,https://polmic.pl/en/encyclopedia/subject-entries/m/madey-boguslaw-en,false,
Madey Emilian,true,,,,,https://polmic.pl/en/encyclopedia/subject-entries/m/madey-emilian-en,false,
Magin Miłosz,true,6th July 1929,Łódź,4th March 1999,Bora Bora (French Polynesia),https://polmic.pl/en/encyclopedia/subject-entries/m/magin-milosz-en,true,Q3317379
Majchrzak Piotr,true,,,,,https://polmic.pl/en/encyclopedia/subject-entries/m/majchrzak-piotr-en,false,
Majerski Tadeusz,true,,,,,https://polmic.pl/en/encyclopedia/subject-entries/m/majerski-tadeusz-en,false,
Majka Grzegorz,true,14th September 1981,Zaborów,,,https://polmic.pl/en/encyclopedia/subject-entries/m/majka-grzegorz-en,false,
Majkusiak Mikołaj,true,29 July 1983,Warsaw,,,https://polmic.pl/en/encyclopedia/subject-entries/m/majkusiak-mikolaj-en,false,
Maklakiewicz Franciszek,true,,,,,https://polmic.pl/en/encyclopedia/subject-entries/m/maklakiewicz-franciszek-en,false,
Maklakiewicz Jan Adam,true,24th November 1899,Chojnata near Skierniewice,7th February 1954,Warsaw,https://polmic.pl/en/encyclopedia/subject-entries/m/maklakiewicz-jan-adam-en,false,
Maklakiewicz Tadeusz Wojciech,true,,,,,https://polmic.pl/en/encyclopedia/subject-entries/m/maklakiewicz-tadeusz-wojciech-en,false,
Makowski Mieczysław,true,,,,,https://polmic.pl/en/encyclopedia/subject-entries/m/makowski-mieczyslaw-en,false,
Maksymiuk Jerzy,true,9th April 1936,Grodno (now Grodna in Belarus),,,https://polmic.pl/en/encyclopedia/subject-entries/m/maksymiuk-jerzy-en,false,
Malawski Artur,true,4th July 1904,Przemyśl,26th December 1957,Cracow,https://polmic.pl/en/encyclopedia/subject-entries/m/malawski-artur-en,true,Q714626
Małecki Maciej,true,27th November 1940,Warsaw,,,https://polmic.pl/en/encyclopedia/subject-entries/m/malecki-maciej-en,true,Q1649144
Małek Anna,true,,,,,https://polmic.pl/en/encyclopedia/subject-entries/m/malek-anna-en,false,
Malinowski Paweł,true,,,,,https://polmic.pl/en/encyclopedia/subject-entries/m/malinowski-pawel-en,false,
Maliszewski Witold,true,,,,,https://polmic.pl/en/encyclopedia/subject-entries/m/maliszewski-witold-en,true,Q2094426
Mamczarski Jarosław,true,24 April 1974,Gliwice,,,https://polmic.pl/en/encyclopedia/subject-entries/m/mamczarski-jaroslaw-en,false,
Manderla Tomasz,true,,,,,https://polmic.pl/en/encyclopedia/subject-entries/m/manderla-tomasz-en,false,
Marczewski Aleksander,true,,,,,https://polmic.pl/en/encyclopedia/subject-entries/m/marczewski-aleksander-en,false,
Marek Czesław,true,,,,,https://polmic.pl/en/encyclopedia/subject-entries/m/marek-czeslaw-en,false,
Markiewiczówna Władysława,true,,,,,https://polmic.pl/en/encyclopedia/subject-entries/m/markiewiczowna-wladyslawa-en,true,Q2000671
Markowicz Marcin,true,19th March 1979,Wrocław,,,https://polmic.pl/en/encyclopedia/subject-entries/m/markowicz-marcin-en,false,
Markowski Andrzej,true,22nd August 1924,Lublin,30th October 1986,Warsaw,https://polmic.pl/en/encyclopedia/subject-entries/m/markowski-andrzej-en,false,
Masecki Marcin,true,,,,,https://polmic.pl/en/encyclopedia/subject-entries/m/masecki-marcin-en,false,
Matusik Piotr,true,,,,,https://polmic.pl/en/encyclopedia/subject-entries/m/matusik-piotr-en,false,
Matuszczak Bernadetta,true,10th March 1931,Toruń,,,https://polmic.pl/en/encyclopedia/subject-entries/m/matuszczak-bernadetta-en,false,
Matuszewski Filip,true,,,,,https://polmic.pl/en/encyclopedia/subject-entries/m/matuszewski-filip-en,false,
Mazurek Bohdan,true,,,,,https://polmic.pl/en/encyclopedia/subject-entries/m/mazurek-bohdan-en,false,
Melcer-Szczawiński Henryk,true,,,,,https://polmic.pl/en/encyclopedia/subject-entries/m/melcer-szczawinski-henryk-en,true,Q605061
Mencel Joachim,true,,,,,https://polmic.pl/en/encyclopedia/subject-entries/m/mencel-joachim-en,false,
Meyer Krzysztof,true,"11th August, 1943",Cracow,,,https://polmic.pl/en/encyclopedia/subject-entries/m/meyer-krzysztof-en,true,Q652558
Mezer Agata de,true,,,,,https://polmic.pl/en/encyclopedia/subject-entries/m/mezer-agata-de-en,false,
Michalek Stanisław,true,20th May 1925,Kraków,6th July 1997,Opole,https://polmic.pl/en/encyclopedia/subject-entries/m/michalek-stanislaw-en,false,
Michałowski Aleksander,true,,,,,https://polmic.pl/en/encyclopedia/subject-entries/m/michalowski-aleksander-en,false,
Michniewski Wojciech,true,4th April 1947,Łódź,,,https://polmic.pl/en/encyclopedia/subject-entries/m/michniewski-wojciech-en,false,
Michno Wojciech,true,,,,,https://polmic.pl/en/encyclopedia/subject-entries/m/michno-wojciech-en,false,
Mielczewski Marcin,true,,,,,https://polmic.pl/en/encyclopedia/subject-entries/m/mielczewski-marcin-en,true,Q121900
Mierzejewski Mieczysław,true,,,,,https://polmic.pl/en/encyclopedia/subject-entries/m/mierzejewski-mieczyslaw-en,false,
Miklaszewski Lech,true,,,,,https://polmic.pl/en/encyclopedia/subject-entries/m/miklaszewski-lech-en,false,
Mikołaj z Chrzanowa,true,,,,,https://polmic.pl/en/encyclopedia/subject-entries/m/mikolaj-z-chrzanowa-en,true,
Mikołaj z Krakowa,true,,,,,https://polmic.pl/en/encyclopedia/subject-entries/m/mikolaj-z-krakowa-en,false,
Mikołaj z Radomia,true,,,,,https://polmic.pl/en/encyclopedia/subject-entries/m/mikolaj-z-radomia-en,false,
Milosz Anthony Oscar,true,,,,,https://polmic.pl/en/encyclopedia/subject-entries/m/milosz-anthony-oscar-en,false,
Minkus Czesław Teofil,true,27th April 1957,Leszno,,,https://polmic.pl/en/encyclopedia/subject-entries/m/minkus-czeslaw-teofil-en,false,
Mirowski Marcin,true,29 July 1976,Częstochowa,,,https://polmic.pl/en/encyclopedia/subject-entries/m/mirowski-marcin-en,false,
Miśkiewicz Grzegorz,true,,,,,https://polmic.pl/en/encyclopedia/subject-entries/m/miskiewicz-grzegorz-en,false,
Młodziejowski Jerzy,true,,,,,https://polmic.pl/en/encyclopedia/subject-entries/m/mlodziejowski-jerzy-en,false,
Młynarski Emil,true,,,,,https://polmic.pl/en/encyclopedia/subject-entries/m/mlynarski-emil-en,false,
Moc Michał,true,9th March 1977,Wrocław,,,https://polmic.pl/en/encyclopedia/subject-entries/m/moc-michal-en,false,
Moniuszko Stanisław,true,,,,,https://polmic.pl/en/encyclopedia/subject-entries/m/moniuszko-stanislaw-en,true,Q217613
Morawski-Dąbrowa Eugeniusz,true,,,,,https://polmic.pl/en/encyclopedia/subject-entries/m/morawski-dabrowa-eugeniusz-en,false,
Moryto Stanisław,true,8th May 1947,Łącko (near Nowy Sącz),,,https://polmic.pl/en/encyclopedia/subject-entries/m/moryto-stanislaw-en,false,
Moss Piotr,true,13th May 1949,Bydgoszcz,,,https://polmic.pl/en/encyclopedia/subject-entries/m/moss-piotr-en,false,
Moszumańska-Nazar Krystyna,true,5th September 1924,Lwów (Lvov),27th September 2008,Kraków (Cracow),https://polmic.pl/en/encyclopedia/subject-entries/m/moszumanska-nazar-krystyna-en,true,
Moyseowicz Gabriela,true,,,,,https://polmic.pl/en/encyclopedia/subject-entries/m/moyseowicz-gabriela-en,true,Q509720
Mozgała Andrzej,true,16 April 1975,Bielsko-Biała,,,https://polmic.pl/en/encyclopedia/subject-entries/m/mozgala-andrzej-en,false,
Mroszczyk Karol,true,,,,,https://polmic.pl/en/encyclopedia/subject-entries/m/mroszczyk-karol-en,false,
Mrozek Wojciech,true,,,,,https://polmic.pl/en/encyclopedia/subject-entries/m/mrozek-wojciech-en,false,
Murawski Marcin,true,,,,,https://polmic.pl/en/encyclopedia/subject-entries/m/murawski-marcin-en,false,
Muzyka Paweł,true,,,,,https://polmic.pl/en/encyclopedia/subject-entries/m/muzyka-pawel-en,false,
Mycielski Zygmunt,true,17th August 1907,Przeworsk,5th August 1987,Warsaw,https://polmic.pl/en/encyclopedia/subject-entries/m/mycielski-zygmunt-en,true,Q245372
Mykietyn Paweł,true,20th May 1971,Oława,,,https://polmic.pl/en/encyclopedia/subject-entries/m/mykietyn-pawel-en,true,Q436228
Natanson Tadeusz,true,,,,,https://polmic.pl/en/encyclopedia/subject-entries/n/natanson-tadeusz-en,false,
Nawrocka-Woźniak Aldona,true,,,,,https://polmic.pl/en/encyclopedia/subject-entries/n/nawrocka-wozniak-aldona-en,false,
Nawrocki Stanisław Hieronim,true,,,,,https://polmic.pl/en/encyclopedia/subject-entries/n/nawrocki-stanislaw-hieronim-en,false,
Negrey Maciej,true,,,,,https://polmic.pl/en/encyclopedia/subject-entries/n/negrey-maciej-en,false,
Nepelski Karol,true,,,,,https://polmic.pl/en/encyclopedia/subject-entries/n/nepelski-karol-en,false,
Nidecki Tomasz Napoleon,true,,,,,https://polmic.pl/en/encyclopedia/subject-entries/n/nidecki-tomasz-napoleon-en,true,Q1767931
Niedzielak Zuzanna,true,,,,,https://polmic.pl/en/encyclopedia/subject-entries/n/niedzielak-zuzanna-en,false,
Nierubiec Marcin,true,,,,,https://polmic.pl/en/encyclopedia/subject-entries/n/nierubiec-marcin-en,false,
Nikodemowicz Andrzej,true,2nd January 1925,Lwów (Lvov),28 January 2017,Lublin,https://polmic.pl/en/encyclopedia/subject-entries/n/nikodemowicz-andrzej-en,false,
Noskowski Zygmunt,true,,,,,https://polmic.pl/en/encyclopedia/subject-entries/n/noskowski-zygmunt-en,true,Q245379
Nowak Aleksander,true,,,,,https://polmic.pl/en/encyclopedia/subject-entries/n/nowak-aleksander-en,false,
Nowicka Ewelina,true,,,,,https://polmic.pl/en/encyclopedia/subject-entries/n/nowicka-ewelina-en,false,
Nowowiejski Feliks,true,,,,,https://polmic.pl/en/encyclopedia/subject-entries/n/nowowiejski-feliks-en,false,
Ogiński Michał Kleofas,true,,,,,https://polmic.pl/en/encyclopedia/subject-entries/o/oginski-michal-kleofas-en,true,Q709977
Olczak Krzysztof,true,26th May 1956,Łódź,,,https://polmic.pl/en/encyclopedia/subject-entries/o/olczak-krzysztof-en,false,
Oleś Marcin,true,,,,,https://polmic.pl/en/encyclopedia/subject-entries/o/oles-marcin-en,false,
Oleszkowicz Jan,true,30th September 1947,Jelenia Góra,,,https://polmic.pl/en/encyclopedia/subject-entries/o/oleszkowicz-jan-en,false,
Olkuśnik Joachim,true,27th March 1927,Kostrzyna,18th December 2008,Warsaw,https://polmic.pl/en/encyclopedia/subject-entries/o/olkusnik-joachim-en,false,
Olszamowski Sławomir,true,,,,,https://polmic.pl/en/encyclopedia/subject-entries/o/olszamowski-slawomir-en,false,
Olszewski Jarosław,true,,,,,https://polmic.pl/en/encyclopedia/subject-entries/o/olszewski-jaroslaw-en,false,
Opaliński Sławomir,true,4th May 1977,Zduńska Wola,,,https://polmic.pl/en/encyclopedia/subject-entries/o/opalinski-slawomir-en,false,
Opałka Tomasz Jakub,true,6th June 1983,Ostrowiec Świętokrzyski,,,https://polmic.pl/en/encyclopedia/subject-entries/o/opalka-tomasz-jakub-en,false,
Opieński Henryk,true,,,,,https://polmic.pl/en/encyclopedia/subject-entries/o/opienski-henryk-en,false,
Orliński Piotr,true,,,,,https://polmic.pl/en/encyclopedia/subject-entries/o/orlinski-piotr-en,false,
Ormicki Włodzimierz,true,18th May 1905,Kraków,31st May 1974,Bydgoszcz,https://polmic.pl/en/encyclopedia/subject-entries/o/ormicki-wlodzimierz-en,false,
Osada Ryszard,true,,,,,https://polmic.pl/en/encyclopedia/subject-entries/o/osada-ryszard-en,false,
Ossowski Michał,true,,,,,https://polmic.pl/en/encyclopedia/subject-entries/o/ossowski-michal-en,false,
Paciorkiewicz Tadeusz,true,17th October 1916,Sierpc,21st November 1998,Warsaw,https://polmic.pl/en/encyclopedia/subject-entries/p/paciorkiewicz-tadeusz-en,false,
Pączkowski Marcin,true,,,,,https://polmic.pl/en/encyclopedia/subject-entries/p/paczkowski-marcin-en,false,
Paderewski Ignacy Jan,true,,,,,https://polmic.pl/en/encyclopedia/subject-entries/p/paderewski-ignacy-jan-en,true,Q191957
Padlewski Roman,true,,,,,https://polmic.pl/en/encyclopedia/subject-entries/p/padlewski-roman-en,false,
Palester Roman,true,28th December 1907,Śniatyń (now Sniatyn,25th August 1989,Paris,https://polmic.pl/en/encyclopedia/subject-entries/p/palester-roman-en,true,Q460721
Pałłasz Edward,true,30th August 1936,Starogard Gdański,22nd December 2019,,https://polmic.pl/en/encyclopedia/subject-entries/p/pallasz-edward-en,false,
Pałosz Mikołaj,true,,,,,https://polmic.pl/en/encyclopedia/subject-entries/p/palosz-mikolaj-en,false,
Pałyga Bartłomiej,true,1st February 1979,Warsaw,,,https://polmic.pl/en/encyclopedia/subject-entries/p/palyga-bartlomiej-en,false,
Panufnik Andrzej,true,24th September 1914,Warsaw,27th October 1991,Twickenham,https://polmic.pl/en/encyclopedia/subject-entries/p/panufnik-andrzej-en,true,Q442963
Panufnik Roxanna,true,24th April 1968,London,,,https://polmic.pl/en/encyclopedia/subject-entries/p/panufnik-roxanna-en,true,Q4971829
Papara Michał,true,7th April 1984,Kraków,,,https://polmic.pl/en/encyclopedia/subject-entries/p/papara-michal-en,false,
Pasieczny Marek,true,,,,,https://polmic.pl/en/encyclopedia/subject-entries/p/pasieczny-marek-en,false,
Pasternak Klaudia,true,,,,,https://polmic.pl/en/encyclopedia/subject-entries/p/pasternak-klaudia-en,false,
Patkowski Józef,true,15th November 1929,Vilnius,26th October 2005,Warsaw,https://polmic.pl/en/encyclopedia/subject-entries/p/patkowski-jozef-en,false,
Pawlak Ireneusz,true,22nd March 1935,Września,15th July 2020,Lubartów,https://polmic.pl/en/encyclopedia/subject-entries/p/pawlak-ireneusz-en,false,
Pawlik Łukasz,true,,,,,https://polmic.pl/en/encyclopedia/subject-entries/p/pawlik-lukasz-en,false,
Pawlik Piotr,true,,,,,https://polmic.pl/en/encyclopedia/subject-entries/p/pawlik-piotr-en,false,
Pawlik Włodek,true,,,,,https://polmic.pl/en/encyclopedia/subject-entries/p/pawlik-wlodek-en,false,
Pawłowski Kamil,true,2nd February 1986,Bytom,,,https://polmic.pl/en/encyclopedia/subject-entries/p/pawlowski-kamil-en,false,
Pęcherzewska-Hadrych Anna,true,,,,,https://polmic.pl/en/encyclopedia/subject-entries/p/pecherzewska-hadrych-anna-en,false,
Pękiel Bartłomiej,true,,,,,https://polmic.pl/en/encyclopedia/subject-entries/p/pekiel-bartlomiej-en,true,Q809620
Penderecki Krzysztof,true,23rd October 1933,Dębica,29th March 2020,Kraków,https://polmic.pl/en/encyclopedia/subject-entries/p/penderecki-krzysztof-en,true,Q153469
Penherski Zbigniew,true,26 January 1935,Warsaw,4 February 2019,Warsaw,https://polmic.pl/en/encyclopedia/subject-entries/p/penherski-zbigniew-en,false,
Perkowski Piotr,true,17th March 1901,Oweczacze (now in Ukraine),12th August 1990,Otwock,https://polmic.pl/en/encyclopedia/subject-entries/p/perkowski-piotr-en,true,Q1780895
Peszat Piotr,true,29th June 1990,Kraków,,,https://polmic.pl/en/encyclopedia/subject-entries/p/peszat-piotr-en,false,
Pfeiffer Irena,true,,,,,https://polmic.pl/en/encyclopedia/subject-entries/p/pfeiffer-irena-en,false,
Piasecka Julia,true,"January 6, 2001",Kraków,,,https://polmic.pl/en/encyclopedia/subject-entries/p/piasecka-julia-en,false,
Pieniek Grzegorz,true,18th November 1982,Kamień Pomorski,,,https://polmic.pl/en/encyclopedia/subject-entries/p/pieniek-grzegorz-en,false,
Pieprzyk Łukasz,true,9 March 1985,Katowice,,,https://polmic.pl/en/encyclopedia/subject-entries/p/pieprzyk-lukasz-en,false,
Pierończyk Adam,true,,,,,https://polmic.pl/en/encyclopedia/subject-entries/p/pieronczyk-adam-en,false,
Pietraszko Dominik,true,,,,,https://polmic.pl/en/encyclopedia/subject-entries/p/pietraszko-dominik-en,false,
Pietruszewski Paweł,true,,,,,https://polmic.pl/en/encyclopedia/subject-entries/p/pietruszewski-pawel-en,false,
Pietrzak Bernard,true,,,,,https://polmic.pl/en/encyclopedia/subject-entries/p/pietrzak-bernard-en,false,
Piotr Wilhelmi z Grudziądza,true,,,,,https://polmic.pl/en/encyclopedia/subject-entries/p/piotr-wilhelmi-z-grudziadza-en,false,
Płonka Jarosław,true,28th March 1984,Łódź,,,https://polmic.pl/en/encyclopedia/subject-entries/p/plonka-jaroslaw-en,false,
Pluskota Wiesław,true,,,,,https://polmic.pl/en/encyclopedia/subject-entries/p/pluskota-wieslaw-en,false,
Podbielski Jan,true,,,,,https://polmic.pl/en/encyclopedia/subject-entries/p/podbielski-jan-en,false,
Podgórska Ewa,true,,,,,https://polmic.pl/en/encyclopedia/subject-entries/p/podgorska-ewa-en,false,
Podobiński Józef,true,17th March 1925,Polna near Gorlice,16 May 1993,Siemianowice,https://polmic.pl/en/encyclopedia/subject-entries/p/podobinski-jozef-en,false,
Pokrzywińska Maria,true,,,,,https://polmic.pl/en/encyclopedia/subject-entries/p/pokrzywinska-maria-en,false,
Polaczyk Jakub,true,8th March 1983,Krakow,,,https://polmic.pl/en/encyclopedia/subject-entries/p/polaczyk-jakub-en,false,
Polak-Reys Jakub,true,,,,,https://polmic.pl/en/encyclopedia/subject-entries/p/polak-reys-jakub-en,false,
Popławski (Paplauski) Eugeniusz (Yauhen),true,,,,,https://polmic.pl/en/encyclopedia/subject-entries/p/poplawski-paplauski-eugeniusz-yauhen-en,false,
Poradowski Stefan Bolesław,true,,,,,https://polmic.pl/en/encyclopedia/subject-entries/p/poradowski-stefan-boleslaw-en,true,Q526056
Porębski Adam,true,31st March 1990,Wrocław,,,https://polmic.pl/en/encyclopedia/subject-entries/p/porebski-adam-en,false,
Porzyc Anna,true,,,,,https://polmic.pl/en/encyclopedia/subject-entries/p/porzyc-anna-en,false,
Praszczałek Jarosław,true,,,,,https://polmic.pl/en/encyclopedia/subject-entries/p/praszczalek-jaroslaw-en,false,
Praszczałek Tomasz,true,,,,,https://polmic.pl/en/encyclopedia/subject-entries/p/praszczalek-tomasz-en,false,
Prochaska Maciej,true,,,,,https://polmic.pl/en/encyclopedia/subject-entries/p/prochaska-maciej-en,false,
Prosnak Karol Mieczysław,true,,,,,https://polmic.pl/en/encyclopedia/subject-entries/p/prosnak-karol-mieczyslaw-en,false,
Prószyński Stanisław,true,,,,,https://polmic.pl/en/encyclopedia/subject-entries/p/proszynski-stanislaw-en,false,
Przezwański Paweł,true,,,,,https://polmic.pl/en/encyclopedia/subject-entries/p/przezwanski-pawel-en,false,
Rabiński Jacek,true,,,,,https://polmic.pl/en/encyclopedia/subject-entries/r/rabinski-jacek-en,false,
Rączkowski Feliks,true,,,,,https://polmic.pl/en/encyclopedia/subject-entries/r/raczkowski-feliks-en,false,
Radko Piotr,true,,,,,https://polmic.pl/en/encyclopedia/subject-entries/r/radko-piotr-en,false,
Radwan Stanisław,true,,,,,https://polmic.pl/en/encyclopedia/subject-entries/r/radwan-stanislaw-en,false,
Radziwiłł Antoni Henryk,true,,,,,https://polmic.pl/en/encyclopedia/subject-entries/r/radziwill-antoni-henryk-en,false,
Radziwonowicz Tomasz,true,23rd March 1953,Warsaw,,,https://polmic.pl/en/encyclopedia/subject-entries/r/radziwonowicz-tomasz-en,false,
Rathaus Karol,true,16th September 1895,Tarnopol,21st November 1954,New York,https://polmic.pl/en/encyclopedia/subject-entries/r/rathaus-karol-en,false,
Ratusińska-Zamuszko Weronika,true,,,,,https://polmic.pl/en/encyclopedia/subject-entries/r/ratusinska-zamuszko-weronika-en,false,
Rau Krzysztof,true,21st November 1995,Białystok,,,https://polmic.pl/en/encyclopedia/subject-entries/r/rau-krzysztof-en,false,
Regamey Konstanty (Constantin),true,28th January 1907,Kiev,27th December 1982,Lausanne,https://polmic.pl/en/encyclopedia/subject-entries/r/regamey-konstanty-constantin-en,false,
Rewakowicz Roman,true,,,,,https://polmic.pl/en/encyclopedia/subject-entries/r/rewakowicz-roman-en,false,
Robak Adrian,true,,,,,https://polmic.pl/en/encyclopedia/subject-entries/r/robak-adrian-en,false,
Rochecki Jędrzej Roch,true,29th October 1988,Toruń,,,https://polmic.pl/en/encyclopedia/subject-entries/r/rochecki-jedrzej-roch-en,false,
Roemer Piotr,true,11th December 1988,Kraków,,,https://polmic.pl/en/encyclopedia/subject-entries/r/roemer-piotr-en,false,
Rogala Jacek,true,,,,,https://polmic.pl/en/encyclopedia/subject-entries/r/rogala-jacek-en,false,
Rogiewicz Jerzy,true,,,,,https://polmic.pl/en/encyclopedia/subject-entries/r/rogiewicz-jerzy-en,false,
Rogowski Ludomir Michał,true,,,,,https://polmic.pl/en/encyclopedia/subject-entries/r/rogowski-ludomir-michal-en,false,
Romańczuk Paweł,true,,,,,https://polmic.pl/en/encyclopedia/subject-entries/r/romanczuk-pawel-en,false,
Rowicki Witold,true,,,,,https://polmic.pl/en/encyclopedia/subject-entries/r/rowicki-witold-en,false,
Rozbicki Kazimierz,true,,,,,https://polmic.pl/en/encyclopedia/subject-entries/r/rozbicki-kazimierz-en,false,
Różycki Jacek (Hyacinthus),true,,,,,https://polmic.pl/en/encyclopedia/subject-entries/r/rozycki-jacek-hyacinthus-en,false,
Różycki Ludomir,true,,,,,https://polmic.pl/en/encyclopedia/subject-entries/r/rozycki-ludomir-en,true,Q1800718
Rudnik Eugeniusz,true,,,,,https://polmic.pl/en/encyclopedia/subject-entries/r/rudnik-eugeniusz-en,false,
Rudziński Witold,true,,,,,https://polmic.pl/en/encyclopedia/subject-entries/r/rudzinski-witold-en,true,Q1406473
Rudziński Zbigniew,true,,,,,https://polmic.pl/en/encyclopedia/subject-entries/r/rudzinski-zbigniew-en,false,
Runtz Dawid,true,,,,,https://polmic.pl/en/encyclopedia/subject-entries/r/runtz-dawid-en,false,
Rupociński Marcin,true,,,,,https://polmic.pl/en/encyclopedia/subject-entries/r/rupocinski-marcin-en,false,
Rybicki Feliks,true,24th January 1899,Warsaw,24th August 1978,Warsaw,https://polmic.pl/en/encyclopedia/subject-entries/r/rybicki-feliks-en,false,
Rychlik Józef,true,12th May 1946,Kraków,,,https://polmic.pl/en/encyclopedia/subject-entries/r/rychlik-jozef-en,false,
Ryczek Mateusz,true,,,,,https://polmic.pl/en/encyclopedia/subject-entries/r/ryczek-mateusz-en,false,
Rydzewska Żaneta,true,"October 5, 1991",Ełk,,,https://polmic.pl/en/encyclopedia/subject-entries/r/rydzewska-zaneta-en,false,
Rytel Piotr,true,,,,,https://polmic.pl/en/encyclopedia/subject-entries/r/rytel-piotr-en,false,
Ryterski Rafał,true,,,,,https://polmic.pl/en/encyclopedia/subject-entries/r/ryterski-rafal-en,false,
Salaber Piotr,true,30th July 1966,Wroclaw,,,https://polmic.pl/en/encyclopedia/subject-entries/s/salaber-piotr-en,false,
Sałaciński Daniel,true,,,,,https://polmic.pl/en/encyclopedia/subject-entries/s/salacinski-daniel-en,false,
Sanejko Jan,true,,,,,https://polmic.pl/en/encyclopedia/subject-entries/s/sanejko-jan-en,false,
Sarwas Jakub,true,,,,,https://polmic.pl/en/encyclopedia/subject-entries/s/sarwas-jakub-en,false,
Sawa Marian,true,"January 12, 1937",in Krasnystaw,"April 27, 2005",in Warsaw,https://polmic.pl/en/encyclopedia/subject-entries/s/sawa-marian-en,false,
Schaeffer Bogusław,true,6th June 1929,Lviv,1st July 2019,Salzburg,https://polmic.pl/en/encyclopedia/subject-entries/s/schaeffer-boguslaw-en,true,Q465396
Scheller Przemysław,true,,,,,https://polmic.pl/en/encyclopedia/subject-entries/s/scheller-przemyslaw-en,false,
Schläger Christof,true,,,,,https://polmic.pl/en/encyclopedia/subject-entries/s/schlaeger-christof-en,false,
Schubert Zenon,true,,,,,https://polmic.pl/en/encyclopedia/subject-entries/s/schubert-zenon-en,false,
Schwaen Kurt,true,,,,,https://polmic.pl/en/encyclopedia/subject-entries/s/schwaen-kurt-en,true,Q453110
Sebastian z Felsztyna,true,,,,,https://polmic.pl/en/encyclopedia/subject-entries/s/sebastian-z-felsztyna-en,true,Q163833
Serocki Kazimierz,true,"March 3, 1922",Toruń,"January 9, 1981",Warsaw,https://polmic.pl/en/encyclopedia/subject-entries/s/serocki-kazimierz-en,true,Q1720016
Sewen Marek,true,4th September 1930,Poznań,,,https://polmic.pl/en/encyclopedia/subject-entries/s/sewen-marek-en,false,
Siek Paweł,true,8th May 1993,Lublin,,,https://polmic.pl/en/encyclopedia/subject-entries/s/siek-pawel-en,false,
Sielicki Edward,true,3rd Jun 1956,Warsaw,,,https://polmic.pl/en/encyclopedia/subject-entries/s/sielicki-edward-en,false,
Sielicki Ryszard,true,,,,,https://polmic.pl/en/encyclopedia/subject-entries/s/sielicki-ryszard-en,false,
Sikora Elżbieta,true,"20 October, 1943",Lviv,,,https://polmic.pl/en/encyclopedia/subject-entries/s/sikora-elzbieta-en,false,
Sikorski Kazimierz,true,,,,,https://polmic.pl/en/encyclopedia/subject-entries/s/sikorski-kazimierz-en,true,Q610434
Sikorski Tomasz,true,,,,,https://polmic.pl/en/encyclopedia/subject-entries/s/sikorski-tomasz-en,false,
Siwiński Jarosław,true,9th June 1964,Warsaw,,,https://polmic.pl/en/encyclopedia/subject-entries/s/siwinski-jaroslaw-en,false,
Skrowaczewski Stanisław,true,,,,,https://polmic.pl/en/encyclopedia/subject-entries/s/skrowaczewski-stanislaw-en,true,Q961581
Skrzypczak Bettina,true,25 January 1963,Poznań,,,https://polmic.pl/en/encyclopedia/subject-entries/s/skrzypczak-bettina-en,true,
Skweres Tomasz,true,13th April 1984,Warsaw,,,https://polmic.pl/en/encyclopedia/subject-entries/s/skweres-tomasz-en,false,
Sławiński Adam,true,,,,,https://polmic.pl/en/encyclopedia/subject-entries/s/slawinski-adam-en,false,
Sławiński Paweł,true,,,,,https://polmic.pl/en/encyclopedia/subject-entries/s/slawinski-pawel-en,false,
Słotwiński Artur,true,,,,,https://polmic.pl/en/encyclopedia/subject-entries/s/slotwinski-artur-en,false,
Słowik Zbigniew,true,,,,,https://polmic.pl/en/encyclopedia/subject-entries/s/slowik-zbigniew-en,false,
Słowiński Władysław,true,14th May 1930,Sadlno,5th September 2024,Warsaw,https://polmic.pl/en/encyclopedia/subject-entries/s/slowinski-wladyslaw-en,false,
Ślusarczyk Przemysław,true,,,,,https://polmic.pl/en/encyclopedia/subject-entries/s-1/slusarczyk-przemyslaw-en,false,
Smorągiewicz Bartosz W.,true,22nd January 1978,Żagań,,,https://polmic.pl/en/encyclopedia/subject-entries/s/smoragiewicz-bartosz-w-en,false,
Smorawiński Witold,true,,,,,https://polmic.pl/en/encyclopedia/subject-entries/s/smorawinski-witold-en,false,
Śniady Marta,true,2nd February 1986,Pabianice,,,https://polmic.pl/en/encyclopedia/subject-entries/s-1/sniady-marta-en,false,
Sobieraj Jacek,true,,,,,https://polmic.pl/en/encyclopedia/subject-entries/s/sobieraj-jacek-en,false,
Sokołowska Joanna Halszka,true,,,,,https://polmic.pl/en/encyclopedia/subject-entries/s/sokolowska-joanna-halszka-en,false,
Sokorski Jerzy,true,,,,,https://polmic.pl/en/encyclopedia/subject-entries/s/sokorski-jerzy-en,false,
Sołtys Adam,true,,,,,https://polmic.pl/en/encyclopedia/subject-entries/s/soltys-adam-en,true,Q350933
Sołtys Mieczysław,true,,,,,https://polmic.pl/en/encyclopedia/subject-entries/s/soltys-mieczyslaw-en,true,Q328273
Sołtysiak Paweł,true,,,,,https://polmic.pl/en/encyclopedia/subject-entries/s/soltysiak-pawel-en,false,
Somerschaf Borys,true,,,,,https://polmic.pl/en/encyclopedia/subject-entries/s/somerschaf-borys-en,false,
Sotomski Jacek,true,2 June 1987,Olsztyn,,,https://polmic.pl/en/encyclopedia/subject-entries/s/sotomski-jacek-en,false,
Sowa Anna,true,19th November 1987,Tymbark,,,https://polmic.pl/en/encyclopedia/subject-entries/s/sowa-anna-en,false,
Spisak Michał,true,,,,,https://polmic.pl/en/encyclopedia/subject-entries/s/spisak-michal-en,false,
Sroczyński Tomasz,true,25 December 1987,Radomsko,,,https://polmic.pl/en/encyclopedia/subject-entries/s/sroczynski-tomasz-en,false,
Stachowski Marek,true,21 March 1936,Piekary Śląskie,3 December 2004,,https://polmic.pl/en/encyclopedia/subject-entries/s/stachowski-marek-en,true,Q114842593
Stachurska Anna,true,,,,,https://polmic.pl/en/encyclopedia/subject-entries/s/stachurska-anna-en,true,Q105203196
Stańczyk Marcin,true,16th November 1977,Łęczyca,,,https://polmic.pl/en/encyclopedia/subject-entries/s/stanczyk-marcin-en,false,
Stańko Tomasz,true,11th July 1942,Rzeszów,,,https://polmic.pl/en/encyclopedia/subject-entries/s/stanko-tomasz-en,false,
Staszewski Maciej,true,16 July 1984,Łódź,,,https://polmic.pl/en/encyclopedia/subject-entries/s/staszewski-maciej-en,false,
Statkowski Roman,true,,,,,https://polmic.pl/en/encyclopedia/subject-entries/s/statkowski-roman-en,true,Q464528
Stępalska-Spix Joanna,true,,,,,https://polmic.pl/en/encyclopedia/subject-entries/s/stepalska-spix-joanna-en,false,
Stępień (d. Markowska) Jolanta,true,15th June 1955,Łódź,,,https://polmic.pl/en/encyclopedia/subject-entries/s/stepien-d-markowska-jolanta-en,false,
Stępień Wojciech,true,,,,,https://polmic.pl/en/encyclopedia/subject-entries/s/stepien-wojciech-en,false,
Stępniewska Katarzyna,true,,,,,https://polmic.pl/en/encyclopedia/subject-entries/s/stepniewska-katarzyna-en,false,
Stojowski Zygmunt Denis Antoni Jordan,true,,,5 November 1946,New York,https://polmic.pl/en/encyclopedia/subject-entries/s/stojowski-zygmunt-denis-antoni-jordan-de-en,false,
Stolpe Antoni,true,,,,,https://polmic.pl/en/encyclopedia/subject-entries/s/stolpe-antoni-en,false,
Stradomski Rafał,true,13th October 1958,Warsaw,,,https://polmic.pl/en/encyclopedia/subject-entries/s/stradomski-rafal-en,true,Q7282462
Strobel Janusz,true,,,,,https://polmic.pl/en/encyclopedia/subject-entries/s/strobel-janusz-en,false,
Stulgińska Agnieszka,true,,,,,https://polmic.pl/en/encyclopedia/subject-entries/s/stulginska-agnieszka-en,false,
Stuligrosz Stefan,true,,,,,https://polmic.pl/en/encyclopedia/subject-entries/s/stuligrosz-stefan-en,false,
Sudnik Tadeusz,true,6 December 1955,Warsaw,,,https://polmic.pl/en/encyclopedia/subject-entries/s/sudnik-tadeusz-en,false,
Świątnicka Kalina,true,29th April 1988,Warsaw,,,https://polmic.pl/en/encyclopedia/subject-entries/s-1/swiatnicka-kalina-en,false,
Świder Józef,true,19th August 1930,Czechowice,22nd May 2014,Katowice,https://polmic.pl/en/encyclopedia/subject-entries/s-1/swider-jozef-en,false,
Świerzyński Adam,true,,,,,https://polmic.pl/en/encyclopedia/subject-entries/s-1/swierzynski-adam-en,false,
Świerzyński Michał,true,,,,,https://polmic.pl/en/encyclopedia/subject-entries/s-1/swierzynski-michal-en,false,
Swolkień Henryk,true,20th October 1910,St,13th May 1990,Poznań,https://polmic.pl/en/encyclopedia/subject-entries/s/swolkien-henryk-en,false,
Swoszowski Dariusz,true,11th May 1986,Tarnów,,,https://polmic.pl/en/encyclopedia/subject-entries/s/swoszowski-dariusz-en,false,
Sydor Paweł Bartłomiej,true,,,,,https://polmic.pl/en/encyclopedia/subject-entries/s/sydor-pawel-bartlomiej-en,false,
Sygietyński Tadeusz,true,,,,,https://polmic.pl/en/encyclopedia/subject-entries/s/sygietynski-tadeusz-en,false,
Sykulski Jacek,true,,,,,https://polmic.pl/en/encyclopedia/subject-entries/s/sykulski-jacek-en,false,
Synowiec Ewa,true,12th April 1942,Krakow,6th March 2021,Gdańsk,https://polmic.pl/en/encyclopedia/subject-entries/s/synowiec-ewa-en,false,
Szabelski Bolesław,true,3rd December 1896,Radoryż near Łuków,27th August 1979,Katowice,https://polmic.pl/en/encyclopedia/subject-entries/s/szabelski-boleslaw-en,true,Q119006
Szablewska-Borzykowska Łucja,true,,,,,https://polmic.pl/en/encyclopedia/subject-entries/s/szablewska-lucja-en,false,
Szadek Tomasz,true,,,,,https://polmic.pl/en/encyclopedia/subject-entries/s/szadek-tomasz-en,true,Q1857185
Szajna-Lewandowska Jadwiga,true,,,,,https://polmic.pl/en/encyclopedia/subject-entries/s/szajna-lewandowska-jadwiga-en,true,Q6121580
Szalonek Witold,true,2nd March 1927,Czechowice-Dziedzice,12th October 2001,Berlin,https://polmic.pl/en/encyclopedia/subject-entries/s/szalonek-witold-en,true,Q715624
Szałowski Antoni,true,,,,,https://polmic.pl/en/encyclopedia/subject-entries/s/szalowski-antoni-en,false,
Szarzyński Stanisław Sylwester,true,,,,,https://polmic.pl/en/encyclopedia/subject-entries/s/szarzynski-stanislaw-sylwester-en,true,Q2331462
Szeligowski Aleksander,true,,,,,https://polmic.pl/en/encyclopedia/subject-entries/s/szeligowski-aleksander-en,false,
Szeligowski Tadeusz,true,13 September 1896,Lviv,10 January 1963,,https://polmic.pl/en/encyclopedia/subject-entries/s/szeligowski-tadeusz-en,true,Q964782
Szeluto Apolinary,true,,,,,https://polmic.pl/en/encyclopedia/subject-entries/s/szeluto-apolinary-en,false,
Szeremeta Ryszard,true,"May 5, 1952",Kraków,,,https://polmic.pl/en/encyclopedia/subject-entries/s/szeremeta-ryszard-en,false,
Szmytka Jagoda,true,15th January 1982,Legnica,,,https://polmic.pl/en/encyclopedia/subject-entries/s/szmytka-jagoda-en,false,
Szostak Zdzisław,true,,,,,https://polmic.pl/en/encyclopedia/subject-entries/s/szostak-zdzislaw-en,true,Q9389869
Szpilman Władysław,true,,,,,https://polmic.pl/en/encyclopedia/subject-entries/s/szpilman-wladyslaw-en,true,Q157176
Szwajgier Krzysztof,true,,,,,https://polmic.pl/en/encyclopedia/subject-entries/s/szwajgier-krzysztof-en,false,
Szwed Katarzyna,true,27th April 1980,Kraków,,,https://polmic.pl/en/encyclopedia/subject-entries/s/szwed-katarzyna-en,false,
Szymanowska Maria,true,,,,,https://polmic.pl/en/encyclopedia/subject-entries/s/szymanowska-maria-en,true,Q260610
Szymanowski Karol,true,3rd October 1882,Tymoszówka,29th March 1937,Lausanne,https://polmic.pl/en/encyclopedia/subject-entries/s/szymanowski-karol-en,true,Q295400
Szymański Paweł,true,,,,,https://polmic.pl/en/encyclopedia/subject-entries/s/szymanski-pawel-en,true,Q465713
Szymański Sebastian,true,20th December 1982,Warsaw,,,https://polmic.pl/en/encyclopedia/subject-entries/s/szymanski-sebastian-en,false,
Szymonowicz Zbigniew,true,,,,,https://polmic.pl/en/encyclopedia/subject-entries/s/szymonowicz-zbigniew-en,false,
Tabakiernik Piotr,true,,,,,https://polmic.pl/en/encyclopedia/subject-entries/t/tabakiernik-piotr-en,false,
Tabęcki Hadrian Filip,true,,,,,https://polmic.pl/en/encyclopedia/subject-entries/t/tabecki-hadrian-filip-en,false,
Taborowska Katarzyna,true,31st May 1974,Krakow,,,https://polmic.pl/en/encyclopedia/subject-entries/t/taborowska-katarzyna-en,false,
Talma-Sutt Michał,true,16th August 1969,Łódź,,,https://polmic.pl/en/encyclopedia/subject-entries/t/talma-sutt-michal-en,false,
Tansman Aleksander,true,,,,,https://polmic.pl/en/encyclopedia/subject-entries/t/tansman-aleksander-en,false,
Tomanek Konrad,true,,,,,https://polmic.pl/en/encyclopedia/subject-entries/t/tomanek-konrad-en,false,
Tomaszewski Paweł,true,10 June 1983,Gostynin,,,https://polmic.pl/en/encyclopedia/subject-entries/t/tomaszewski-pawel-en,false,
Trębacz Ewa,true,"November 11, 1973",Kraków,,,https://polmic.pl/en/encyclopedia/subject-entries/t/trebacz-ewa-en,false,
Trochanowski Bogdan,true,,,,,https://polmic.pl/en/encyclopedia/subject-entries/t/trochanowski-bogdan-en,false,
Trojanowski Tadeusz,true,,,,,https://polmic.pl/en/encyclopedia/subject-entries/t/trojanowski-tadeusz-en,false,
Trzciński Tomasz,true,22nd February 1974,Szczecin,,,https://polmic.pl/en/encyclopedia/subject-entries/t/trzcinski-tomasz-en,false,
Trzpis Maria,true,"July 1, 2000",in Harta,,,https://polmic.pl/en/encyclopedia/subject-entries/t/trzpis-maria-en,false,
Tuchowski Andrzej,true,,,,,https://polmic.pl/en/encyclopedia/subject-entries/t/tuchowski-andrzej-en,false,
Turski Zbigniew,true,,,,,https://polmic.pl/en/encyclopedia/subject-entries/t/turski-zbigniew-en,false,
Twardowski Romuald,true,17 June 1930,Vilnius,13 January 2024,Warsaw,https://polmic.pl/en/encyclopedia/subject-entries/t/twardowski-romuald-en,false,
Urbaniak Łukasz,true,16th January 1980,Bydgoszcz,,,https://polmic.pl/en/encyclopedia/subject-entries/u/urbaniak-lukasz-en,false,
Wacław z Szamotuł,true,,,,,https://polmic.pl/en/encyclopedia/subject-entries/w/waclaw-z-szamotul-en,true,Q772603
Walaciński Adam,true,,,,,https://polmic.pl/en/encyclopedia/subject-entries/w/walacinski-adam-en,false,
Walicki Adam,true,2 May 1976,Warsaw,,,https://polmic.pl/en/encyclopedia/subject-entries/w/walicki-adam-en,false,
Wallek-Walewski Bolesław,true,,,,,https://polmic.pl/en/encyclopedia/subject-entries/w/wallek-walewski-boleslaw-en,false,
Wasowski Jerzy,true,,,,,https://polmic.pl/en/encyclopedia/subject-entries/w/wasowski-jerzy-en,false,
Węcowski Jan,true,,,,,https://polmic.pl/en/encyclopedia/subject-entries/w/wecowski-jan-en,false,
Weinberg Mieczysław,true,8th December 1919,Warsaw,26th February 1996,Moscow,https://polmic.pl/en/encyclopedia/subject-entries/w/weinberg-mieczyslaw-en,true,Q919127
Wesołowski Adam,true,,,,,https://polmic.pl/en/encyclopedia/subject-entries/w/wesolowski-adam-en,false,
Wesołowski Franciszek,true,,,,,https://polmic.pl/en/encyclopedia/subject-entries/w/wesolowski-franciszek-en,false,
Weyna Anna,true,,,,,https://polmic.pl/en/encyclopedia/subject-entries/w/weyna-anna-en,false,
Wichrowski Jan Antoni,true,19th June 1942,Lviv,2nd August 2017,Wrocław,https://polmic.pl/en/encyclopedia/subject-entries/w/wichrowski-jan-antoni-en,false,
Widłak Wojciech,true,,,,,https://polmic.pl/en/encyclopedia/subject-entries/w/widlak-wojciech-en,false,
Wiechowicz Stanisław,true,,,,,https://polmic.pl/en/encyclopedia/subject-entries/w/wiechowicz-stanislaw-en,true,Q2331491
Wielecki Tadeusz,true,5th July 1954,Warsaw,,,https://polmic.pl/en/encyclopedia/subject-entries/w/wielecki-tadeusz-en,false,
Wieniawski Henryk,true,10th July 1835,Lublin,31 March 1880,Moscow,https://polmic.pl/en/encyclopedia/subject-entries/w/wieniawski-henryk-en,true,Q272184
Wieniawski Józef,true,,,,,https://polmic.pl/en/encyclopedia/subject-entries/w/wieniawski-jozef-en,false,
Wierzbicki Marcin Mateusz,true,,,,,https://polmic.pl/en/encyclopedia/subject-entries/w/wierzbicki-marcin-mateusz-en,false,
Wiłkomirski Józef,true,15th May 1926,Kalisz,,,https://polmic.pl/en/encyclopedia/subject-entries/w/wilkomirski-jozef-en,false,
Wiłkomirski Kazimierz,true,,,,,https://polmic.pl/en/encyclopedia/subject-entries/w/wilkomirski-kazimierz-en,true,Q549550
Wincenty z Kielc,true,,,,,https://polmic.pl/en/encyclopedia/subject-entries/w/wincenty-z-kielc-en,false,
Wisłocki Leszek,true,,,,,https://polmic.pl/en/encyclopedia/subject-entries/w/wislocki-leszek-en,false,
Wisłocki Stanisław,true,,,,,https://polmic.pl/en/encyclopedia/subject-entries/w/wislocki-stanislaw-en,false,
Wiszniewski Zbigniew,true,,,,,https://polmic.pl/en/encyclopedia/subject-entries/w/wiszniewski-zbigniew-en,false,
Wnuk-Nazarowa Joanna,true,28th May 1949,Gdynia,,,https://polmic.pl/en/encyclopedia/subject-entries/w/wnuk-nazarowa-joanna-en,false,
Wojciechowski Sławomir,true,3rd May 1971,Łódź,,,https://polmic.pl/en/encyclopedia/subject-entries/w/wojciechowski-slawomir-en,false,
Wojtacki Emil Bernard,true,,,,,https://polmic.pl/en/encyclopedia/subject-entries/w/wojtacki-emil-bernard-en,false,
Wołek Krzysztof,true,14th April 1976,Bytom,,,https://polmic.pl/en/encyclopedia/subject-entries/w/wolek-krzysztof-en,false,
Wośko Miłosz,true,25th May 1979,Szczecin,,,https://polmic.pl/en/encyclopedia/subject-entries/w/wosko-milosz-en,false,
Woytowicz Bolesław,true,,,,,https://polmic.pl/en/encyclopedia/subject-entries/w/woytowicz-boleslaw-en,true,Q891327
Woźniak Franciszek,true,,,,,https://polmic.pl/en/encyclopedia/subject-entries/w/wozniak-franciszek-en,false,
Woźny Joanna,true,27 July 1973,Zabrze,,,https://polmic.pl/en/encyclopedia/subject-entries/w/wozny-joanna-en,false,
Woźny Zbigniew Stanisław,true,,,,,https://polmic.pl/en/encyclopedia/subject-entries/w/wozny-zbigniew-stanislaw-en,false,
Wróbel Piotr,true,,,,,https://polmic.pl/en/encyclopedia/subject-entries/w/wrobel-piotr-en,false,
Zagajewski Artur,true,10th April 1978,Tomaszów Mazowiecki,,,https://polmic.pl/en/encyclopedia/subject-entries/z/zagajewski-artur-en,false,
Zakrocki Patryk,true,,,,,https://polmic.pl/en/encyclopedia/subject-entries/z/zakrocki-patryk-en,false,
Zakrzewska Barbara,true,,,,,https://polmic.pl/en/encyclopedia/subject-entries/z/zakrzewska-barbara-en,false,
Zalewski Ignacy,true,,,,,https://polmic.pl/en/encyclopedia/subject-entries/z/zalewski-ignacy-en,false,
Załubska Paulina,true,6th April 1984,Kraków,,,https://polmic.pl/en/encyclopedia/subject-entries/z/zalubska-paulina-en,false,
Zamuszko Sławomir,true,,,,,https://polmic.pl/en/encyclopedia/subject-entries/z/zamuszko-slawomir-en,false,
Zapała Rafał,true,1st November 1975,Kielce,18 July 2025,Poznań,https://polmic.pl/en/encyclopedia/subject-entries/z/zapala-rafal-en,false,
Zaradny Anna,true,,,,,https://polmic.pl/en/encyclopedia/subject-entries/z/zaradny-anna-en,false,
Zarębski Juliusz,true,,,,,https://polmic.pl/en/encyclopedia/subject-entries/z/zarebski-juliusz-en,false,
Zarycki Andrzej,true,,,,,https://polmic.pl/en/encyclopedia/subject-entries/z/zarycki-andrzej-en,false,
Zawadzka Barbara,true,,,,,https://polmic.pl/en/encyclopedia/subject-entries/z/zawadzka-barbara-en,false,
Zawadzka-Gołosz Anna,true,1st December 1955,Kraków,,,https://polmic.pl/en/encyclopedia/subject-entries/z/zawadzka-golosz-anna-en,false,
Zawadzki Sebastian,true,,,,,https://polmic.pl/en/encyclopedia/subject-entries/z/zawadzki-sebastian-en,false,
Zdrojek-Suchodolska Agnieszka,true,,,,,https://polmic.pl/en/encyclopedia/subject-entries/z/zdrojek-suchodolska-agnieszka-en,false,
Żeleński Władysław,true,,,,,https://polmic.pl/en/encyclopedia/subject-entries/z-1/zelenski-wladyslaw-en,true,Q1391004
Zemler Hubert,true,8th September 1980,Warsaw,,,https://polmic.pl/en/encyclopedia/subject-entries/z/zemler-hubert-en,false,
Zieleński Mikołaj,true,,,,,https://polmic.pl/en/encyclopedia/subject-entries/z/zielenski-mikolaj-en,true,Q1933825
Zielińska Lidia,true,9th October 1953,Poznań,,,https://polmic.pl/en/encyclopedia/subject-entries/z/zielinska-lidia-en,true,Q1823636
Zieliński Maciej,true,29 March 1971,Warsaw,,,https://polmic.pl/en/encyclopedia/subject-entries/z/zielinski-maciej-en,false,
Zieliński Marcin,true,13th May 1983,Konin,,,https://polmic.pl/en/encyclopedia/subject-entries/z/zielinski-marcin-en,false,
Zieliński Michał,true,,,,,https://polmic.pl/en/encyclopedia/subject-entries/z/zielinski-michal-en,false,
Zieliński Tadeusz Andrzej,true,22nd May 1931,Warsaw,25th February 2012,Warsaw,https://polmic.pl/en/encyclopedia/subject-entries/z/zielinski-tadeusz-andrzej-en,false,
Zimka Maciej,true,,,,,https://polmic.pl/en/encyclopedia/subject-entries/z/zimka-maciej-en,false,
Żołnowski Maciej,true,,,,,https://polmic.pl/en/encyclopedia/subject-entries/z-1/zolnowski-maciej-en,false,
Żółtowski Maciej,true,27th May 1971,Warsaw,,,https://polmic.pl/en/encyclopedia/subject-entries/z-1/zoltowski-maciej-en,false,
Zubel Agata,true,25th January 1978,Wrocław,,,https://polmic.pl/en/encyclopedia/subject-entries/z/zubel-agata-en,false,
Zubrzycki Sławomir,true,,,,,https://polmic.pl/en/encyclopedia/subject-entries/z/zubrzycki-slawomir-en,false,
Żuchowski Artur,true,,,,,https://polmic.pl/en/encyclopedia/subject-entries/z-1/zuchowski-artur-en,false,
Żuławski Wawrzyniec Jerzy,true,,,,,https://polmic.pl/en/encyclopedia/subject-entries/z-1/zulawski-wawrzyniec-jerzy-en,false,
Zych Przemysław,true,5th May 1980,Radom,,,https://polmic.pl/en/encyclopedia/subject-entries/z/zych-przemyslaw-en,false,
Zych Wojciech Ziemowit,true,4th April 1976,Warsaw,,,https://polmic.pl/en/encyclopedia/subject-entries/z/zych-wojciech-ziemowit-en,false,
