article,name,birth,death,flourish,nationality,musical_scool,surviving_work,era
Notker_the_Stammerer,Notker the Stammerer (Notker Balbulus),c.840,912,,Frankish?,Abbey of Saint Gall,Three worksLiturgical sequences,Medieval
Tuotilo,Tuotilo,c.850,915,,Frankish,Abbey of Saint Gall,Five works,Medieval
Stephen_of_Liège,Stephen of Liège,c.850,920,,Belgian,–,Three works,Medieval
Hucbald,Hucbald,c.850,930,,Frankish,–,Five works,Medieval
Odo_of_Cluny,Odo of Cluny,c.878,942,,French,–,15 works 3 hymns and 12 antiphons (?),Medieval
Heriger_of_Lobbes,Heriger of Lobbes (Herigerus),c.925,1007,,Belgian,–,Four works,Medieval
Odo_of_Arezzo,Odo of Arezzo (Abbot Oddo),10th century,11th century,,Italian,–,4 worksantiphons from a tonary,Medieval
Fulbert_of_Chartres,Fulbert of Chartres,c.960,1028,,French,–,Three chants,Medieval
William_of_Volpiano,"William of Volpiano (William of Dijon, William of Saint Benignus)",962,1031,,Italian,–,One work? Office of St Benignus,Medieval
Notker_Physicus,Notker Physicus (Notker II),,975,,Frankish,Abbey of Saint Gall,Three works,Medieval
Adémar_de_Chabannes,Adémar de Chabannes,c.988/9,1034,,French,Saint Martial school,Two works (?) One office and mass,Medieval
Wulfstan_the_Cantor,Wulfstan the Cantor (Wulfstan of Winchester),,,992–6,English,–,Seven works; All uncertain attributions,Medieval
Wipo_of_Burgundy,Wipo of Burgundy,c.995,c.1050,,Frankish? (Arles/Burgundy),–,Victimae paschali laudes,Medieval
Arnold_of_Saint_Emmeram,Arnold of Saint Emmeram,c.1000,1050,,Benedictine,Saint Emmeram's Abbey,60 works; over 40 antiphons and 20 responsories,Medieval
Otloh_of_Sankt_Emmeram,Otloh of Sankt Emmeram,c.1010,1070,,Benedictine,Saint Emmeram's Abbey,"Exultemus in ista fratres, Kyrie O pater immense and chants",Medieval
Hermann_of_Reichenau,Hermann of ReichenauHermannus Contractus,1013,1054,,German,–,Two works,Medieval
Berno_of_Reichenau,Berno of Reichenau,before 1014,1048,,German?,–,Two works,Medieval
Godric_of_Finchale,Godric,c.1069,1170,,English,–,Three songs,Medieval
Adam_of_Saint_Victor,Adam of Saint Victor,c.1068,1146,,French,–,Four works,Medieval
"William_IX,_Duke_of_Aquitaine","William IX, Duke of Aquitaine (Guilhem de Peitieus;Guillaume d'Aquitaine)",1071,1126,,Occitan,Troubadour,One work; 11 poems total,Medieval
Peter_Abelard,Peter Abelard,1079,1142,,French,–,"Various chants, a hymn, three sequences and seven laments",Medieval
Hildegard_of_Bingen,Hildegard of Bingen,1098,1179,,German,–,72 works,Medieval
Jaufre_Rudel,Jaufre Rudel,,,1120–47,Occitan,Troubadour,Four works; six poems total,Medieval
Marcabru,Marcabru,,,c.1129–c1150,Occitan,Troubadour,Four works; 42 poems total,Medieval
Archpoet,Archpoet (Archipoeta),c.1130,c.1165,,Western European (probably French or German),Goliard,10 medieval Latin poems,Medieval
Bernart_de_Ventadorn,Bernart de Ventadorn,c.1130-1140,c.1190-1200,,Occitan,Troubadour,19 (1 fragmentary) works; 45 poems total,Medieval
Giraut_de_Bornelh,Giraut de Bornelh,c.1140,c.1200,,Occitan,Troubadour,Four works; 77 poems total,Medieval
Heinrich_von_Veldeke,Heinrich von Veldeke,1140-1150,c.1190,,German,Minnesang,No surviving works; 61 poems total,Medieval
Vidame_de_Chartres,"""Vidame de Chartres"" (probably Guillaume de Ferrières)",c.1145-1155,1204,,French,Trouvère,Six (nine?) works,Medieval
Albertus_Parisiensis,Albertus Parisiensis,,,1146–1177,French,–,Congaudeant catholici,Medieval
Peire_d'Alvernhe,Peire d'Alvernha,,,1149–70,Occitan,Troubadour,Two works; 24 poems total,Medieval
Dietmar_von_Aist,Dietmar von Aist,,,2nd half of the 12th century,German,Minnesinger,No surviving music,Medieval
Friedrich_von_Hausen,Friedrich von Hûsen (Friedrich von Hausen),c.1150,1190,,German,Minnesänger,No music survives; 53 strophes,Medieval
Léonin,Léonin,,,1150s – c.1201,French,Notre-Dame school (Ars antiqua),,Medieval
Bertran_de_Born,Bertran de Born,1150,before 1215,,Occitan,Troubadour,1 work; 40 poems total,Medieval
Gaucelm_Faidit,Gaucelm Faidit,c.1150,c.1220,,Occitan,Troubadour,14 works; 68 poems total,Medieval
Arnaut_Daniel,Arnaut Daniel,c.1150-60,c.1200,,Occitan,Troubadour,Two works; 18 poems total,Medieval
Raimbaut_de_Vaqueiras,Raimbaut de Vaqueiras,c.1150-60,1207,,Occitan,Troubadour,Seven works; 35 poems total,Medieval
Folquet_de_Marselha,Folquet de Marselha (Folquet de Marseille),c.1150-60,1231,,Occitan,Troubadour,13 works; 29 poems total,Medieval
Chrétien_de_Troyes,Chrétien de Troyes,,,c.1160 – 1191,French,Trouvère,,Medieval
Conon_de_Béthune,Conon de Béthune,c.1160,1219 /20,,French,Trouvère,Seven works; eight poems total,Medieval
Der_von_Kürenberg,Der von Kürenberg,,,1160,German,Minnesinger,,Medieval
Gace_Brulé,Gace Brule,c.1160,after 1213,,French,Trouvère,,Medieval
Peirol,Peirol,c.1160,after 1221,,Occitan,Troubadour,17 works; 34 poems total,Medieval
Philip_the_Chancellor,Philippe le Chancelier,c.1160,1236,,French,Notre-Dame school (Ars antiqua),,Medieval
Raimbaut_d'Aurenga,Raimbaut d'Aurenga,,,1162–73,Occitan,Troubadour,,Medieval
Le_Chastelain_de_Couci,Chastelain de Couci,c. 1165,1203,,French,Trouvère,–,Medieval
Gautier_de_Dargies,Gautier de Dargies,c.1165,after 1236,,French,Trouvère,,Medieval
Arnaut_de_Mareuil,Arnaut de Mareuil,,,c.1170–1200,Occitan,Troubadour,,Medieval
Wolfram_von_Eschenbach,Wolfram von Eschenbach,,,c.1170–1220,German,Minnesänger,No surviving music from seven poems,Medieval
Walther_von_der_Vogelweide,Walther von der Vogelweide,c.1170,c.1230,,German,Minnesänger,,Medieval
Aimeric_de_Peguilhan,Aimeric de Peguilhan,c.1175,c.1230,,Occitan,Troubadour,Six works; 50 poems total,Medieval
Gautier_de_Coincy,Gautier de Coincy,1177/8,1236,,French,Trouvère,Eight surviving poems with music,Medieval
Blondel_de_Nesle,Blondel de Nesle,,,1180–1200,French,Trouvère,,Medieval
Peire_Cardenal,Peire Cardenal,1180,1278,,Occitan,Troubadour,Three works; 90 poems total,Medieval
Peire_Vidal,Peire Vidal,,,c.1183 – c.1205,Occitan,Troubadour,12 works; 50 poems total,Medieval
Raimon_de_Miraval,Raimon de Miraval,,,1185–1229,Occitan,Troubadour,22 works; 48 poems total,Medieval
Reinmar_von_Hagenau,Reinmar von Hagenau (Reinmar der Alte),,,1185–1205 – c.1205,German,Minnesänger,,Medieval
Audefroi_le_Bastart,Audefroi le Bastart,,,1190–1230,French,Trouvère,,Medieval
Bernger_von_Horheim,Bernger von Horheim,,,1196,German,Minnesänger,No music; six poems survive,Medieval
Comtessa_de_Dia,Comtessa de Dia (Beatriz de Dia),,,late 12th/early 13th century,Occitan,Trobairitz,,Medieval
Neidhart_von_Reuental,Neidhart von Reuental,c.1190,after 1236,,German,Minnesänger,,Medieval
Guillaume_le_Vinier,Guillaume le Vinier,c.1190,1245,,French,Trouvère,,Medieval
Pérotin,Pérotin (Perotinus),,,c.1200,French,Notre-Dame school (Ars antiqua),,Medieval
Albrecht_von_Johansdorf,Albrecht von Johansdorf,c. 1180,c. 1209,,German,Minnesänger,,Medieval
Colin_Muset,Colin Muset,,,1200–50,French,Trouvère,12 works; seven with surviving music,Medieval
Jehan_Erart,Jehan Erart,1200-10,1258/9,,French,Trouvère,,Medieval
Reinmar_von_Zweter,Reinmar von Zweter,c.1200,c.1260,,German,Minnesänger,–,Medieval
Wincenty_of_Kielcza,Wincenty of Kielcza,c.1200,after 1262,,Polish,–,,Medieval
Castelloza,Castelloza,,,early 13th century,Occitan,Trobairitz,No surviving music; three poems,Medieval
Jehan_Bretel,Jehan Bretel,c.1210,1272,,French,Trouvère,,Medieval
Raoul_de_Soissons,Raoul de Soissons,1210-1215,1270,,French,Trouvère,,Medieval
Moniot_d'Arras,Moniot d'Arras,,,1213–39,French,Trouvère,,Medieval
Guiot_de_Dijon,Guiot de Dijon,,,1215–25,French,Trouvère,Four works; 17 poems total,Medieval
Gontier_de_Soignies,Gontier de Soignies,,,before 1220,French,Trouvère,,Medieval
Heinrich_von_Morungen,Heinrich von Morungen,,1222,,German,Minnesänger,"32 minnelieder survive with music, one without",Medieval
Sordello,Sordello,c.1200,before 1269,,Italian,Troubadour,,Medieval
Gautier_d'Épinal,Gautier d'Épinal,before 1220,before 1272,,French,Trouvère,,Medieval
Konrad_von_Würzburg,Konrad von Würzburg,c.1230,1287,,German,Minnesänger,23 songs,Medieval
Guiraut_Riquier,Guiraut Riquier,c.1230,c.1300,,Occitan,Troubadour,48 works; 49 poems total,Medieval
Martín_Codax,Martin Codax,,,c.1240–70,Spanish (Galician),Galician-Portuguese lyric,Six songs; one know to be lost,Medieval
Adam_de_la_Halle,Adam de la Halle,1240,1287,,French,Trouvère,78 works,Medieval
Cerverí_de_Girona,Cerverí de Girona,,,1259–1285,Catalan,Troubadour,No music survives; 114 lyric poems,Medieval
Der_wilde_Alexander,Der wilde Alexander (Meister Alexander),,,mid to late 13th-century,German,Minnesänger,"27 works; 24 Spruch strophes, two Minnelieder and one Leich",Medieval
Franco_of_Cologne,Franco of Cologne,,,mid to late 13th century,German,–,,Medieval
Petrus_de_Cruce,Petrus de Cruce,,,c.1290,French,Ars antiqua,,Medieval
W._de_Wycombe,W. de Wycombe,,,late 13th century,English,–,,Medieval
Philippe_de_Vitry,Philippe de Vitry,1291,1361,,French,Ars nova,13 works at least,Medieval
Casella_(Divine_Comedy),Casella,,before 1300,,Italian,–,No surviving works,Medieval
Jehan_de_Lescurel,Jehan de Lescurel,,,early 14th century,French,Ars nova,34 works; all monophonic except one,Medieval
Johannes_Hadlaub,Johannes Hadlaub,,,1300-1340,Swiss,Minnesänger,51 works,Medieval
Maestro_Piero,Maestro Piero,c. 1300,after 1350,,Italian,Trecento,Eight works,Medieval
Guillaume_de_Machaut,Guillaume de Machaut,c.1300,1377,,French,Ars nova,143 works,Medieval
Marchetto_da_Padova,Marchetto da Padova,,,1305–19,Italian,Trecento,–,Medieval
Jacopo_da_Bologna,Jacopo da Bologna,,,1340–1360,Italian,Trecento,34 works,Medieval
Giovanni_da_Cascia,Giovanni da Cascia (Giovanni da Firenze),,,1340? – 14th century,Italian,Trecento,19 works,Medieval
Gherardello_da_Firenze,Gherardello da Firenze,1320/1325,1362/1363,,Italian,Trecento,18 works,Medieval
John_Hanboys,John Hanboys,c. 1320?,1380?,,English,,,Medieval
Francesco_Landini,Francesco Landini,c.1325,1397,,Italian,Trecento,,Medieval
Lorenzo_da_Firenze,Lorenzo da Firenze (Lorenzo Masini),c. 1325,1372/1373,,Italian,Trecento,,Medieval
Donato_da_Cascia,Donato da Cascia,,,c. 1350 – after 1370,Italian,Trecento,,Medieval
Mönch_von_Salzburg,Mönch von Salzburg (Monk of Salzburg),14th century,14th century?,,German,,,Medieval
Johannes_Alanus,Johannes Alanus,c. 1332?,1373?,,English,,,Medieval
Vincenzo_da_Rimini,Vincenzo da Rimini,c. 1332?,after 1364?,,Italian,Trecento,,Medieval
Bartolino_da_Padova,Bartolino da Padova,,,1365 – after 1405,Italian,Trecento,,Medieval
Matheus_de_Sancto_Johanne,Matheus de Sancto Johanne (Mayshuet de Joan),,,c. 1365 – after 1387,French,Ars subtilior,,Medieval
Magister_Franciscus,Magister Franciscus,,,1370–80,French,Ars nova?,Two works; both three part ballades,Medieval
Philippus_de_Caserta,Philippus de Caserta (Philipoctus de Caserta),,,c. 1370 – c. 1400,Italian,Trecento,,Medieval
Egardus,Egardus,,,c.1370? – after 1400,Flemish,Ars subtilior,,Medieval
Egidius_de_Francia,Egidius de Francia,14th century,14th century?,,French,Ars subtilior,,Medieval
F._Andrieu,F. Andrieu,,,c.1377 – c.1400,French,Ars nova,One work; a ballade for Machaut's death,Medieval
Johannes_Symonis_Hasprois,Johannes Symonis Hasprois,,,1378–1428,French,Ars subtilior,,Medieval
Petrus_de_Goscalch,Petrus de Goscalch,,,c. 1385–1395,French,Ars subtilior,,Medieval
P._des_Molins,P. des Molins,,,mid 14th century,French,Ars nova,Two works; among the most popular pieces of their time,Medieval
Niccolò_da_Perugia,Niccolò da Perugia,14th century,c. 1400,,Italian,Trecento,,Medieval
Jehan_Suzay,Jehan Suzay,,,c. 1380 – after 1395,French,Ars subtilior,,Medieval
Trebor_(composer),Trebor,,,c. 1380 – c. 1400,French,Ars subtilior,,Medieval
Jan_of_Jenštejn,Jan of Jenštejn,1348,1400,,Bohemian,,,Medieval
Záviš_of_Zápy,Záviš of Zápy,c. 1350,c. 1411,,Czech,,,Medieval
Zacara_da_Teramo,Antonio Zacara da Teramo,c. 1350/1360,c. 1413/1416,,Italian,Trecento,,Medieval
Jacob_Senleches,Jacob Senleches,,,c. 1382 – after 1395,French,Ars subtilior,,Medieval
Andrea_da_Firenze,Andrea da Firenze (Andreas de Florentia),,,c. 1375 – c. 1415,Italian,Trecento,,Medieval
Paolo_da_Firenze,Paolo da Firenze (Paolo Tenorista),c. 1355,c. 1436,,Italian,Trecento,,Medieval
Solage,Solage,14th century,after 1403,,French,Ars subtilior,,Medieval
Hugo_von_Montfort,Hugo von Montfort,1357,1423,,German (Austrian),,,Medieval
Jehan_Vaillant,Jehan Vaillant (Johannes Vaillant),,,1360–1390,French,Ars nova,Five (six?) works,Medieval
Giovanni_Mazzuoli,Giovanni Mazzuoli (Giovanni degli Organi),1360,1426,,Italian,Trecento,,Medieval
Grazioso_da_Padova,Grazioso da Padova (Gratiosus de Padua),,,c. 1391? – 15th century?,Italian,Trecento,,Medieval
Martinus_Fabri,Martinus Fabri,,,1395 – 1400,Dutch,,,Medieval
Borlet,Borlet,,,c.1397? – after 1409,French,Ars subtilior,One work; a four-voice virelai,Medieval
Aleyn,Aleyn,,,c. 1400 – 15th century,English,,,Medieval
Johannes_Ciconia,Johannes Ciconia,c. 1370,1412,,Flemish,Trecento,,Medieval
Matteo_da_Perugia,Matteo da Perugia,,,1400 – after 1416,Italian,Trecento,,Medieval
Johannes_de_Lymburgia,Johannes de Lymburgia,c. 1370,1430,,Belgian,Franco-Flemish School,,Medieval
Johannes_Tapissier,Johannes Tapissier (Jean de Noyers),c. 1370,before 1410,,Burgundian,,,Medieval
Johannes_Cuvelier,Johannes CuvelierJean; Jacquemart le Cuvelier,,,c.1372 – after 1387,French,Ars subtilior,Four works,Medieval
Antonio_da_Cividale,Antonio da Cividale (Antonius de Civitate Austrie),,,c. 1392 – 1421,Italian,Trecento,,Medieval
Grimace_(composer),Grimace,,,mid-to-late 14th century,French,Ars nova,Five (Seven?) Works,Medieval
Antonello_da_Caserta,Antonello da Caserta,14th century,after 1402?,,Italian,Trecento,,Medieval
Nicolas_Grenon,Nicolas Grenon,c. 1375,1456,,Burgundian,,,Medieval
Oswald_von_Wolkenstein,Oswald von Wolkenstein,c. 1377,1445,,German,,,Medieval
,Andrea Stefani,,,c. 1399 – 15th century,Italian,Trecento,,Medieval
Bartolomeo_da_Bologna,Bartolomeo da Bologna,,,1405 – after 1427,Italian,Trecento,,Medieval
Baude_Cordier,Baude Cordier,c. 1380,before 1440,,French,Ars subtilior,,Medieval
Thomas_Fabri,Thomas Fabri,1380,1420,,Flemish,,,Medieval
Pierre_Fontaine_(composer),Pierre Fontaine,c. 1380,c. 1450,,French,,,Medieval
Nicolaus_Ricci_de_Nucella_Campli,Nicolaus Ricci de Nucella Campli,,,1401-20 – after 1436,Italian,Trecento,,Medieval
Mikołaj_Radomski,Mikołaj Radomski (Nicolaus de Radom),c. 1380,15th century,,Polish,,,Medieval
Ugolino_da_Forlì,Ugolino da Forlì/da Orvieto,c. 1380,c. 1457,,Italian,Trecento,,Medieval
Leonel_Power,Leonel Power,c. 1370/1385?,1445,,English,,,Medieval
Jacobus_Vide,Jacobus Vide,1385,1433,,Burgundian,,,Medieval
Queldryk,Queldryk,,,c. 1400 – 15th century,English,,,Medieval
Johannes_Cesaris,Johannes Cesaris,,,1406 – 1417,French,,,Medieval
Roy_Henry,Roy Henry (probably Henry V of England),,,c. 1410 – 15th century,English,,,Medieval
Byttering,Byttering (possibly Thomas Byttering),,,c. 1410 – after 1420?,English,,,Medieval
Conradus_de_Pistoia,Conradus de Pistoia (Coradus de Pistorio),,,c. 1410 – 15th century,Italian,Trecento,,Medieval
John_Dunstaple,John Dunstaple (John Dunstable),c.1390,1453,,English,,,Medieval
Hugo_de_Lantins,Hugo de Lantins,,,c. 1420 – after 1430?,Flemish,,,Medieval
Richard_Loqueville,Richard Loqueville,,1418,,French,,,Medieval
Pycard,Pycard,,,c. 1410 – 15th century,English or French,,,Medieval
Arnold_de_Lantins,Arnold de Lantins,,,1423 – 1432,Flemish,,,Medieval
Estienne_Grossin,Estienne Grossin,,,1418 – after 1421,French,,,Medieval
