article,name,birth,death,nationality,era,flag,flag_reason
Ábrahám Pál,Ábrahám Pál,1892,1960,Hungarian,,,
Ábrányi Emil (zeneszerző),Ábrányi Emil,1882,1970,Hungarian,,,
Ábrányi Kornél (zeneszerző),Ábrányi Kornél,1822,1903,Hungarian,,,
Ács Enikő,Ács Enikő,1953,,Hungarian,,,
Ádám Jenő (zeneszerző),Ádám Jenő,1896,1982,Hungarian,,,
Adelburg Ágost,Adelburg Ágost,1830,1873,Hungarian,,,
Adler György,Adler György,1789,1862,Hungarian,,,
Adler Ignác,Adler Ignác,1851,after 1871,Hungarian,,pop,Kategória:Magyar dalszerzők
Adler Vince,Adler Vince,1826,1871,Hungarian,,,
Adorján Jenő (hegedűművész),Adorján Jenő,1874,1903,Hungarian,,,
Ág Tibor,Ág Tibor,1928,2013,Hungarian,,,
Aggházy Károly,Aggházy Károly,1855,1918,Hungarian,,,
Agócsi János,Agócsi János,1961,,Hungarian,,not_found,
,Ajtony Csaba,1976,,Hungarian,,no_article,
Albert György,Albert György,1944,,Hungarian,,not_found,
Allaga Géza,Allaga Géza,1841,1913,Hungarian,,pop,"Kategória:Öngyilkos zenészek, énekesek"
Altschul Rudolf,Altschul Rudolf,1842,after 1911,Hungarian,,not_found,
Ambarus Géza,Ambarus Géza,1901,1970,Hungarian,,,
Amtmann Prosper,Amtmann Prosper,1809,1854,Hungarian,,,
Andorka Péter (zeneszerző),Andorka Péter,1987,,Hungarian,,,
Andrási Ede,Andrási Ede,1887,1953,Hungarian,,pop,Kategória:Magyar dalszerzők
Anhalt István,Anhalt István,1919,2012,Hungarian,,,
Antalffy-Zsiross Dezső,Antalffy-Zsiross Dezső,1885,1945,Hungarian,,,
Antos Kálmán,Antos Kálmán,1902,1985,Hungarian,,,
Antos Károly,Antos Károly,1854,1927,Hungarian,,,
Arany János (költő),Arany János,1817,1882,Hungarian,,,
Arányi-Aschner György,Arányi-Aschner György,1923,,Hungarian,,not_found,
Arató István (zeneszerző),Arató István,1910,1980,Hungarian,,,
Arma Paul,Arma Paul,1905,1987,Hungarian,,,
Arnold György,Arnold György,1781,1848,Hungarian,,,
Asbóth Wilhelm,Asbóth Wilhelm,1821,1877,Hungarian,,not_found,
Aszódy Ferenc,Aszódy Ferenc,1929,2005,Hungarian,,,
Au Alajos,Au Alajos,1837,1895,Hungarian,,,
Auer Lipót,Auer Lipót,1845,1930,Hungarian,,,
Bacsó Kristóf,Bacsó Kristóf,1976,,Hungarian,,not_found,
Bachó István,Bachó István,1858,1915,Hungarian,,,
Bachrich Zsigmond,Bachrich Zsigmond,1841,1913,Hungarian,,,
Bágya András,Bágya András,1911,1992,Hungarian,,,
Bakfark Bálint,Bakfark Bálint,1507,1576,Hungarian,,,
Bakody Lajos,Bakody Lajos,1833,1902,Hungarian,,not_found,
Balassa Sándor,Balassa Sándor,1935,,Hungarian,,,
,Balatoni Sándor,1983,,Hungarian,,no_article,
Balázs Árpád (dalköltő),Balázs Árpád,1874,1941,Hungarian,,pop,Kategória:Magyar dalszerzők
Balázs Árpád (zeneszerző),Balázs Árpád,1937,,Hungarian,,,
Bali János (fuvolaművész),Bali János,1963,,Hungarian,,,
Balogh Máté,Balogh Máté,1990,,Hungarian,,,
Bánffy György (politikus),Bánffy György,1853,1889,Hungarian,,,
Bánfi Sándor,Bánfi Sándor,1846,1890,Hungarian,,,
Bánkövi Gyula,Bánkövi Gyula,1966,,Hungarian,,,
Baráth Bálint,Baráth Bálint,1983,,Hungarian,,,
Baráti György,Baráti György,1913,1996,Hungarian,,not_found,
Bárdos Lajos,Bárdos Lajos,1899,1986,Hungarian,,,
Barta Alfonz,Barta Alfonz,1957,,Hungarian,,,
Barta János (zeneszerző),Barta János,c. 1794,1874,Hungarian,,,
Bartalus István,Bartalus István,1821,1899,Hungarian,,,
Bartay Endre,Bartay András,1799,1854,Hungarian,,,
Bartay Ede,Bartay Ede,1825,1901,Hungarian,,,
Bartók Béla (zeneszerző),Bartók Béla,1881,1945,Hungarian,,,
Bartók György (zeneszerző),Bartók György,1975,,Hungarian,,not_found,
Bátor Szidor,Bátor Szidor,1860,1929,Hungarian,,,
Bauer Henrik,Bauer Henrik,1849,,Hungarian,,,
Bauer Jakab,Bauer Jakab,1852,1926,Hungarian,,,
Beamter Jenő,Beamter Jenő,1912,1984,Hungarian,,,
Behár György,Behár György,1914,1995,Hungarian,,,
Beischer-Matyó Tamás,Beischer-Matyó Tamás,1972,,Hungarian,,not_found,
Behm József,Behm József,1815,1885,Hungarian,,not_found,
Békefi Antal (zeneszerző),Békefi Antal,1926,1982,Hungarian,,,
Beliczay Gyula,Beliczay Gyula,1835,1893,Hungarian,,,
Bella Ján Levoslav,Bella Ján Levoslav,1843,1936,Hungarian,,not_found,
Bella Máté,Bella Máté,1985,,Hungarian,,,
Benkő Henrik,Benkő Henrik,1858,1918,Hungarian,,,
Benkő László (zenész),Benkő László,1943,2020,Hungarian,,,
Bengraf József,Bengraf József,1745,1791,Hungarian,Classical-era,,
Beretvás Hugó,Beretvás Hugó,1872,1940,Hungarian,,,
Bergendy István,Bergendy István,1939,2020,Hungarian,,pop,Kategória:Magyar dzsesszzenészek
Berkes Gábor,Berkes Gábor,1962,,Hungarian,,,
Berkesi Sándor,Berkesi Sándor,1944,,Hungarian,,,
Berki Tamás,Berki Tamás,1946,,Hungarian,,pop,Kategória:Magyar dzsesszénekesek
Berta István Angel,Berta István Angel,,,Hungarian,,not_found,
Berté Henrik,Berté Henrik,1857,1924,Hungarian,,,
Bertha Sándor (zeneszerző),Bertha Sándor,1843,1912,Hungarian,,,
Bihari János (zeneszerző),Bihari János,1764,1827,Hungarian,,,
Bihari Sándor (zeneszerző),Bihari Sándor,1900,1984,Hungarian,,,
Birtalan József,Birtalan József,1927,2017,Hungarian,,,
Bloch József,Bloch József,1862,1922,Hungarian,,,
Bódy Magdi,Bódy Magdi,1953,,Hungarian,,pop,Kategória:Magyar könnyűzenei előadók
Bogár István (zeneszerző),Bogár István,1937,2006,Hungarian,,,
Bognár Ignác,Bognár Ignác,1810,1883,Hungarian,,,
Böhm Gusztáv,Böhm Gusztáv,1823,1878,Hungarian,,,
Böhm József (hegedűművész),Böhm József,1795,1876,Hungarian,,,
Bojtár László,Bojtár László,1926,1995,Hungarian,,,
Bokor József (zeneszerző),Bokor József,1861,1911,Hungarian,,,
Boksay János,Boksay János,1874,1940,Hungarian,,,
Bolcsó Bálint,Bolcsó Bálint,1979,,Hungarian,,not_found,
Borgulya András,Borgulya András,1931,,Hungarian,,,
Bornai Tibor,Bornai Tibor,1955,,Hungarian,,pop,Kategória:Magyar énekesek
Borsody László (zeneszerző),Borsody László,1944,,Hungarian,,not_found,
Both Miklós,Both Miklós,1981,,Hungarian,,,
Bozay Attila,Bozay Attila,1939,1999,Hungarian,,,
Breitner János,Breitner János,1915,1987,Hungarian,,pop,Kategória:Magyar könnyűzenei előadók
Breuer Péter,Breuer Péter,1975,,Hungarian,,not_found,
Bródy János,Bródy János,1946,,Hungarian,,pop,Kategória:Magyar énekesek
Bródy Miklós,Bródy Miklós,1877,1949,Hungarian,,,
Buchner Antal,Buchner Antal,1882,1950,Hungarian,,not_found,
Bugyis Péter,Bugyis Péter,1980,,Hungarian,,not_found,
Buday Dénes,Buday Dénes,1890,1963,Hungarian,,,
Bujdosó Márton,Bujdosó Márton,1975,,Hungarian,,,
Bujtás József,Bujtás József,1947,,Hungarian,,not_found,
Buttykay Ákos,Buttykay Ákos,1871,1935,Hungarian,,,
Bürger Zsigmond,Bürger Zsigmond,1856,1908,Hungarian,,,
Cezar Lacrone,Cezar Lacrone,1983,,Hungarian,,not_found,
Wictor Charon,Wictor Charon,1907,1976,Hungarian,,,
Chudy József,Chudy József,1753,1813,Hungarian,,,
Chilf Miklós,Chilf Miklós,1905,1985,Hungarian,,,
Chován Kálmán,Chován Kálmán,1852,1928,Hungarian,,,
Czakó Ádám,Czakó Ádám,1940,2013,Hungarian,,,
Czencz József,Czencz József,1952,,Hungarian,,,
Czibulka Alajos,Czibulka Alajos,1768,1845,Hungarian,,not_found,
Czibulka Alfonz,Czibulka Alfonz,1842,1894,Hungarian,,,
Czomba Imre,Czomba Imre,1972,,Hungarian,,,
Czobor Károly,Czobor Károly,1876,1957,Hungarian,,,
Csámpai Ivó,Csámpai Ivó,1899,1984,Hungarian,,not_found,
Csányi Mátyás (zeneszerző),Csányi Mátyás,1884,1962,Hungarian,,,
Csapó Gyula,Csapó Gyula,1955,,Hungarian,,not_found,
Császár György,Császár György,1813,1850,Hungarian,,not_found,
Cseh Tamás,Cseh Tamás,1943,2009,Hungarian,,pop,Kategória:Magyar könnyűzenei előadók
Cselenyák Imre,Cselenyák Imre,1957,,Hungarian,,pop,Kategória:Magyar énekesek
Csekő Gusztáv,Csekő Gusztáv,1835,1890,Hungarian,,,
Csemiczky Miklós,Csemiczky Miklós,1954,,Hungarian,,,
Csenki Imre,Csenki Imre,1912,1998,Hungarian,,,
Csepregi György (zeneszerző),Csepregi György,1966,,Hungarian,,,
Csermák Antal György,Csermák Antal György,c. 1774,1822,Hungarian,,,
Csíki Endre,Csíki Endre,1888,1949,Hungarian,,,
Csíky Boldizsár (zeneszerző),Csíky Boldizsár,1937,,Hungarian,,,
Csillag Péter,Csillag Péter,1938,,Hungarian,,,
Csire József,Csire József,1926,2011,Hungarian,,,
Csuha Lajos,Csuha Lajos,1947,,Hungarian,,pop,Kategória:Magyar dalszerzők
Dabasi Péter,Dabasi Péter,1950,,Hungarian,,pop,Kategória:Magyar énekesek
Dankó Pista,Dankó Pista,1858,1903,Hungarian,,pop,Kategória:Magyar dalszerzők
Dargay Marcell,Dargay Marcell,1980,,Hungarian,,,
Daróci Bárdos Tamás,Daróci Bárdos Tamás,1931,2019,Hungarian,,,
Darvas Benedek,Darvas Benedek,1976,,Hungarian,,,
Darvas Ferenc (zeneszerző),Darvas Ferenc,1946,,Hungarian,,,
Darvas Kristóf,Darvas Kristóf,1981,,Hungarian,,,
Darvas Gábor,Darvas Gábor,1911,1985,Hungarian,,,
Dávid Gyula (zeneszerző),Dávid Gyula,1913,1977,Hungarian,,,
Deák Bárdos György,Deák Bárdos György,1905,1991,Hungarian,,not_found,
Deák Tamás (zeneszerző),Deák Tamás,1928,,Hungarian,,,
Debály Ferenc József,Debály Ferenc József,1791,1859,Hungarian,,,
Decsényi János,Decsényi János,1927,,Hungarian,,,
Delly-Szabó Géza,Delly-Szabó Géza,1883,1961,Hungarian,,,
Demény Attila (zeneszerző),Demény Attila,1955,2021,Hungarian,,,
Demény Dezső (zeneszerző),Demény Dezső,1871,1937,Hungarian,,,
Derecskei András,Derecskei András,1982,,Hungarian,,,
Dés László,Dés László,1954,,Hungarian,,pop,Kategória:Magyar dzsesszzenészek
Deutsch Vilmos,Deutsch Vilmos,1825,1896,Hungarian,,,
Dinyés Dániel,Dinyés Dániel,1980,,Hungarian,,,
Dinnyés József,Dinnyés József,1948,,Hungarian,,pop,Kategória:Magyar énekesek
Ditrói Kelemen László,Ditrói Kelemen László,1960,,Hungarian,,not_found,
Dobos Attila (zeneszerző),Dobos Attila,1941,,Hungarian,,pop,Kategória:Magyar énekesek
Dobos Gyula,Dobos Gyula,1976,,Hungarian,,,
Dobos Kálmán,Dobos Kálmán,1931,2013,Hungarian,,,
Dobozy Károly,Dobozy Károly,1817,1860,Hungarian,,,
Dobri Dániel,Dobri Dániel,1991,,Hungarian,,,
Dobszay László,Dobszay László,1935,2011,Hungarian,,,
Dóczy József (nótaszerző),Dóczy József,1863,1913,Hungarian,,pop,Kategória:Magyar dalszerzők
Dohnányi Ernő,Dohnányi Ernő,1877,1960,Hungarian,,,
Döme Zsolt,Döme Zsolt,,,Hungarian,,,
Dömény Sándor,Dömény Sándor,1791,after 1837,Hungarian,,,
Dömötör Károly,Dömötör Károly,1831,1886,Hungarian,,,
Donáth Ede,Donáth Ede,1865,1945,Hungarian,,,
Doppler Árpád,Doppler Árpád,1857,1927,Hungarian,,,
Doppler Ferenc,Doppler Ferenc,1821,1883,Hungarian,,,
Doppler Károly,Doppler Károly,1825,1900,Hungarian,,,
Doráti Antal,Doráti Antal,1906,1988,Hungarian,,,
Dragony Tímea,Dragony Tímea,1976,,Hungarian,,,
Draskóczy László,Draskóczy László,1940,,Hungarian,,,
Druschetsky Georg,Druschetsky Georg,1745,1819,Hungarian,Classical-era,not_found,
Dubrovay László,Dubrovay László,1943,,Hungarian,,,
Dudás Lajos,Dudás Lajos,1941,,Hungarian,,not_found,
Dukay Barnabás,Dukay Barnabás,1950,,Hungarian,,,
Durkó Péter,Durkó Péter,1972,,Hungarian,,not_found,
Durkó Zsolt,Durkó Zsolt,1934,1997,Hungarian,,,
Éder Krisztián,Éder Krisztián,1988,,Hungarian,,pop,Kategória:Magyar dalszerzők
Egressy Béni,Egressy Béni,1814,1851,Hungarian,,,
Egry Levente,Egry Levente,1969,,Hungarian,,,
Eichinger Tibor,Eichinger Tibor,1962,,Hungarian,,,
Eisemann Mihály,Eisemann Mihály,1898,1966,Hungarian,,,
Eisikovits Mihály Miksa,Eisikovits Mihály Miksa,1908,1983,Hungarian,,,
Elbert Imre,Elbert Imre,1860,1897,Hungarian,,,
Elek Szilvia,Elek Szilvia,,,Hungarian,,not_found,
Ellenbogen Adolf,Ellenbogen Adolf,1814,1886,Hungarian,,,
Engeszer Mátyás,Engeszer Mátyás,1812,1885,Hungarian,,,
Eötvös József (zenész),Eötvös József,1962,,Hungarian,,,
Eötvös Péter,Eötvös Péter,1944,,Hungarian,,,
Eperjesi Gáspár,Eperjesi Gáspár,,,Hungarian,,not_found,
Epstein Gyula,Epstein Gyula,1832,1918,Hungarian,,,
Erdélyi Náci,Erdélyi Náci,1845,1893,Hungarian,,pop,Kategória:Magyar dalszerzők
Erdélyi Péter (zeneszerző),Erdélyi Péter,1969,,Hungarian,,not_found,
Erdős Armand,Erdős Armand,1873,1920,Hungarian,,,
Erkel Elek,Erkel Elek,1842,1893,Hungarian,,,
Erkel Ferenc,Erkel Ferenc,1810,1893,Hungarian,,,
Erkel Gyula,Erkel Gyula,1842,1909,Hungarian,,,
Erkel Sándor,Erkel Sándor,1846,1900,Hungarian,,,
Erkel Tibor,Erkel Tibor,1934,2017,Hungarian,,,
Esterházy Pál (nádor),Esterházy Pál,1635,1713,Hungarian,Baroque,,
Esztényi Szabolcs,Esztényi Szabolcs,1939,,Hungarian,,,
Faragó Béla,Faragó Béla,1961,,Hungarian,,,
"Faragó ""Judy"" István","Faragó ""Judy"" István",1944,2003,Hungarian,,,
Farkas Ferenc (zeneszerző),Farkas Ferenc,1905,2000,Hungarian,,,
Farkas Ödön,Farkas Ödön,1851,1912,Hungarian,,,
Fasang Árpád (karnagy),Fasang Árpád,1912,2001,Hungarian,,,
Fassang László,Fassang László,1973,,Hungarian,,,
Fazakas Aaron,Fazakas Aaron,1974,,Hungarian,,,
Fátyol Mihály,Fátyol Mihály,1909,1980,Hungarian,,pop,Kategória:Magyar dalszerzők
Fátyol Tibor,Fátyol Tibor,1935,2017,Hungarian,,,
Fáy Gusztáv,Fáy Gusztáv,1824,1866,Hungarian,,,
Fáy István,Fáy István,1809,1862,Hungarian,,,
Fehér András (zeneszerző),Fehér András,1947,2017,Hungarian,,,
Fehér György Miklós,Fehér György Miklós,1951,,Hungarian,,not_found,
Fekete Gyula (zeneszerző),Fekete Gyula,1962,,Hungarian,,,
Fekete Győr István,Fekete Győr István,1936,,Hungarian,,,
Fényes Szabolcs,Fényes Szabolcs,1912,1986,Hungarian,,,
Ferenczy Gyula (zeneszerző),Ferenczy Gyula,1891,1962,Hungarian,,,
Festetics Leó,Festetics Leó,1800,1884,Hungarian,,,
Carl Filtsch,Filtsch Károly,1830,1845,Hungarian,,,
Fodor József (hegedűművész),Fodor József,1752,1828,Hungarian,,,
Fogarasi János (nyelvész),Fogarasi János,1801,1878,Hungarian,,,
Foky-Gruber Gyula,Foky-Gruber Gyula,1927,,Hungarian,,not_found,
Földes Andor,Földes Andor,1913,1992,Hungarian,,,
Földesi János (zeneszerző),Földesi János,,,Hungarian,,not_found,
Földvári Gergely,Földvári Gergely,1970,,Hungarian,,not_found,
Fövenyessy Bertalan,Fövenyessy Bertalan,1875,1967,Hungarian,,,
Francis Viner,Francis Viner,1983,,Hungarian,,not_found,
Frank Ignác (zeneszerző),Frank Ignác,1824,1825,Hungarian,,,
Frank Oszkár,Frank Oszkár,1922,2019,Hungarian,,,
Franz István,Franz István,1785,1855,Hungarian,,not_found,
Fránek Gábor,Fránek Gábor,1868,1930,Hungarian,,not_found,
Fráter Loránd,Fráter Loránd,1872,1930,Hungarian,,pop,Kategória:Magyar dalszerzők
Frid Géza,Frid Géza,1904,1989,Hungarian,,,
Fusz János,Fusz János,1777,1819,Hungarian,Classical-era,,
Futó Balázs,Futó Balázs,1981,,Hungarian,,not_found,
Füredy László,Füredy László,1794,1850,Hungarian,,,
Gaál Ferenc,Gaál Ferenc,1860,1906,Hungarian,,,
Gaál Jenő (zeneszerző),Gaál Jenő,1900,1980,Hungarian,,,
Gál Árpád (zeneszerző),Gál Árpád,1935,1972,Hungarian,,,
Gajáry István,Gajáry István,1884,1939,Hungarian,,not_found,
Galambos Zoltán,Galambos Zoltán,1967,,Hungarian,,,
Gallai Attila,Gallai Attila,1943,,Hungarian,,not_found,
Gárdonyi Zoltán (zeneszerző),Gárdonyi Zoltán,1906,1986,Hungarian,,,
Gárdonyi Zsolt,Gárdonyi Zsolt,1946,,Hungarian,,,
Gasner János,Gasner János,1955,2009,Hungarian,,,
Gazda Péter,Gazda Péter,1948,,Hungarian,,not_found,
Gazdag Tibor (színművész),Gazdag Tibor,1964,,Hungarian,,,
Gémesi Géza,Gémesi Géza,1961,,Hungarian,,not_found,
Gereben Zita,Gereben Zita,1981,,Hungarian,,pop,Kategória:Magyar könnyűzenei előadók
Gerendás Péter,Gerendás Péter,1956,,Hungarian,,,
Geszler György,Geszler György,1913,1998,Hungarian,,,
Geszti Péter,Geszti Péter,1964,,Hungarian,,pop,Kategória:Magyar könnyűzenei előadók
Goldmark Károly,Goldmark Károly,1830,1915,Hungarian,,,
Gonda János,Gonda János,1932,,Hungarian,,,
Gömöry Zsolt,Gömöry Zsolt,1962,,Hungarian,,pop,Kategória:Magyar rockzenészek
Göncz Zoltán,Göncz Zoltán,1958,,Hungarian,,,
Grabócz Miklós,Grabócz Miklós,1927,1974,Hungarian,,,
Grósz Arthur Valentin,Grósz Arthur Valentin,1984,,Hungarian,,not_found,
Gryllus Dániel,Gryllus Dániel,1950,,Hungarian,,,
Gryllus Samu,Gryllus Samu,1976,,Hungarian,,,
Gryllus Vilmos,Gryllus Vilmos,1951,,Hungarian,,,
Gulya Róbert,Gulya Róbert,1973,,Hungarian,,,
Gulyás László (zeneszerző),Gulyás László,1928,1995,Hungarian,,,
Gungl József,Gungl József,1810,1889,Hungarian,,not_found,
Gyöngy Pál,Gyöngy Pál,1902,1990,Hungarian,,,
Gyöngyösi Levente,Gyöngyösi Levente,1975,,Hungarian,,,
Györe Zoltán,Györe Zoltán,1947,,Hungarian,,not_found,
Gyulai Gaál János,Gyulai Gaál János,1924,2009,Hungarian,,,
Győrffy István (zeneszerző),Győrffy István,1954,,Hungarian,,not_found,
Haják Károly,Haják Károly,1886,1970,Hungarian,,,
Hajdu Júlia,Hajdu Júlia,1925,1987,Hungarian,,,
Hajdu Mihály (zeneszerző),Hajdu Mihály,1909,1990,Hungarian,,,
Halmos László,Halmos László,1909,1997,Hungarian,,,
Hammerschlag János,Hammerschlag János,1885,1954,Hungarian,,,
Harmat Artúr,Harmat Artúr,1885,1962,Hungarian,,,
Harsányi Tibor,Harsányi Tibor,1898,1954,Hungarian,,,
Havasi Balázs,Havasi Balázs,1975,2021,Hungarian,,,
Havasy Viktor,Havasy Viktor,1929,2011,Hungarian,,not_found,
Heffner Attila,Heffner Attila,1967,,Hungarian,,not_found,
Héger Attila,Héger Attila,1969,,Hungarian,,not_found,
Heilig Gábor,Heilig Gábor,1949,,Hungarian,,pop,Kategória:Magyar énekesek
Heller István,Heller István,1813,1888,Hungarian,,,
Hellenbach Dénes,Hellenbach Dénes,1919,2008,Hungarian,,not_found,
Hencz József (zeneszerző),Hencz József,1942,,Hungarian,,,
Hermann Pál,Hermann Pál,1902,1944,Hungarian,,,
Hetessy Csaba,Hetessy Csaba,1968,,Hungarian,,,
Hidas Frigyes,Hidas Frigyes,1928,2007,Hungarian,,,
Hímessy Áron,Hímessy Áron,1990,,Hungarian,,not_found,
Hiray Antal György,Hiray Antal György,1770,1842,Hungarian,,,
Hodula István,Hodula István,1897,1935,Hungarian,,not_found,
Holló József,Holló József,1956,,Hungarian,,not_found,
Hollós Máté,Hollós Máté,1954,,Hungarian,,,
Hoós János (zeneszerző),Hoós János,1858,1937,Hungarian,,,
Hortobágyi László,Hortobágyi László,1950,,Hungarian,,,
Horusitzky Zoltán,Horusitzky Zoltán,1903,1985,Hungarian,,,
Horváth Balázs (zeneszerző),Horváth Balázs,1976,,Hungarian,,,
Horváth Barnabás,Horváth Barnabás,1965,,Hungarian,,,
Horváth Bálint,Horváth Bálint,1986,,Hungarian,,,
Horváth Jenő (zeneszerző),Horváth Jenő,1915,1973,Hungarian,,,
Horváth Jenő (zenész),Horváth Jenő,1900,1919,Hungarian,,pop,Kategória:Magyar dalszerzők
Horváth József Mária,Horváth József Mária,1931,2019,Hungarian,,,
Horváth Lajos (zeneszerző),Horváth Lajos,1883,1960,Hungarian,,,
Horváth Márton Levente,Horváth Márton Levente,1983,,Hungarian,,,
Hubbes Walter,Hubbes Walter,1929,2008,Hungarian,,,
Hubay Jenő,Hubay Jenő,1858,1937,Hungarian,,,
Húber Károly,Húber Károly,1828,1885,Hungarian,,not_found,
Huszár Lajos (zeneszerző),Huszár Lajos,1948,,Hungarian,,,
Huszka Jenő,Huszka Jenő,1875,1960,Hungarian,,,
Huszti Márton,Huszti Márton,,,Hungarian,,not_found,
Huzella Elek,Huzella Elek,1915,1971,Hungarian,,,
Huzella Péter,Huzella Péter,1949,,Hungarian,,pop,Kategória:Magyar énekesek
Illés Lajos (zenész),Illés Lajos,1942,2007,Hungarian,,,
Istvánffy Benedek,Istvánffy Benedek,1733,1778,Hungarian,Classical-era,,
Ivaskovics József,Ivaskovics József,1950,,Hungarian,,not_found,
Jakab György (zenész),Jakab György,1950,1996,Hungarian,,pop,Kategória:Magyar énekesek
Jakab István (drámaíró),Jakab István,1798,1876,Hungarian,,,
Jacobi Viktor,Jacobi Viktor,1883,1921,Hungarian,,,
Járdányi Pál,Járdányi Pál,1920,1966,Hungarian,,,
Járossy Jenő,Járossy Jenő,1887,1975,Hungarian,,not_found,
Jemnitz Sándor,Jemnitz Sándor,1890,1963,Hungarian,,,
Jeney Zoltán (zeneszerző),Jeney Zoltán,1943,2019,Hungarian,,,
Joachim József (hegedűművész),Joachim József,1831,1907,Hungarian,,,
Juhász Frigyes,Juhász Frigyes,1925,2001,Hungarian,,,
Junger Ervin,Junger Ervin,1931,2019,Hungarian,,,
Kacsóh Pongrác,Kacsóh Pongrác,1873,1923,Hungarian,,,
Kadosa Pál,Kadosa Pál,1903,1983,Hungarian,,,
Kájoni János,Kájoni János,c. 1629,1687,Hungarian,,,
Káldy Gyula,Káldy Gyula,1838,1901,Hungarian,,,
Kálmán Andor,Kálmán Andor,1897,1965,Hungarian,,,
Kálmán Imre,Kálmán Imre,1882,1953,Hungarian,,,
Kálmán Tamás Káté,Kálmán Tamás Káté,1979,,Hungarian,,,
Kalmár László (zeneszerző),Kalmár László,1931,1995,Hungarian,,,
Karai József,Karai József,1927,2013,Hungarian,,,
Karányi J. Dániel,Karányi J. Dániel,1982,,Hungarian,,pop,Kategória:Magyar könnyűzenei előadók
Kardos István (zeneszerző),Kardos István,1891,1975,Hungarian,,,
Károlyi Pál,Károlyi Pál,1934,2015,Hungarian,,,
Karossa Endre,Karossa Endre,1819,1870,Hungarian,,,
Kasza Tibor,Kasza Tibor,1978,,Hungarian,,pop,Kategória:Magyar könnyűzenei előadók
Kazacsay Tibor,Kazacsay Tibor,1892,1977,Hungarian,,,
Kedves Csanád,Kedves Csanád,1983,,Hungarian,,,
Kelemen Sándor (gyógyszerész),Kelemen Sándor,1882,1944,Hungarian,,pop,Kategória:Magyar dalszerzők
Kelemenné Zathureczky Berta,Kelemenné Zathureczky Berta,1855,1924,Hungarian,,,
Kelen Hugó,Kelen Hugó,1888,1956,Hungarian,,,
Kéler Béla,Kéler Béla,1820,1882,Hungarian,,,
Kemény Egon,Kemény Egon,1905,1969,Hungarian,,pop,Kategória:Magyar dalszerzők
Kemény Gábor (zeneszerző),Kemény Gábor,1954,,Hungarian,,,
Kenessey Jenő,Kenessey Jenő,1905,1976,Hungarian,,,
Kerényi György (zeneszerző),Kerényi György,1902,1986,Hungarian,,,
Keresztes Károly (zeneszerző),Keresztes Károly,1891,1944,Hungarian,,,
Keresztes Tamás,Keresztes Tamás,1978,,Hungarian,,,
Kerntler Jenő,Kerntler Jenő,1878,1938,Hungarian,,,
Kersch Ferenc,Kersch Ferenc,1853,1910,Hungarian,,,
Kertész Gyula (zeneszerző),Kertész Gyula,1900,1967,Hungarian,,not_found,
Keuler Jenő,Keuler Jenő,1936,,Hungarian,,not_found,
Király Dávid Zsolt,Király Dávid Zsolt,1964,,Hungarian,,not_found,
Király Ernő (zeneszerző),Király Ernő,1919,2007,Hungarian,,,
Király Péter (zeneszerző),Király Péter,1870,1940,Hungarian,,not_found,
Király László (zeneszerző),Király László,1954,,Hungarian,,,
Kisfalussy Bálint,Kisfalussy Bálint,1939,2015,Hungarian,,pop,Kategória:Magyar énekesek
Kispál András,Kispál András,1964,,Hungarian,,,
Kiss Lajos (zeneszerző),Kiss Lajos,1900,1982,Hungarian,,not_found,
Kistétényi Melinda,Kistétényi Melinda,1926,1999,Hungarian,,,
Kisvárdai Szilárd,Kisvárdai Szilárd,1981,,Hungarian,,not_found,
Kocsák Tibor,Kocsák Tibor,1954,,Hungarian,,,
Kocsár Miklós,Kocsár Miklós,1933,2019,Hungarian,,,
Kocsis Zoltán,Kocsis Zoltán,1952,2016,Hungarian,,,
Kodály Zoltán,Kodály Zoltán,1882,1967,Hungarian,,,
Koessler János,Koessler János,1853,1926,Hungarian,,,
Koháry Mária Antónia,Koháry Mária Antónia,1797,1862,Hungarian,,,
Kókai Rezső,Kókai Rezső,1906,1962,Hungarian,,,
Koloss István,Koloss István,1932,2010,Hungarian,,not_found,
Koltay Gergely,Koltay Gergely,1952,,Hungarian,,,
Komjáti Károly,Komjáti Károly,1896,1953,Hungarian,,,
Koncz Tibor,Koncz Tibor,1940,,Hungarian,,,
Könczei Árpád,Könczei Árpád,1959,,Hungarian,,,
Könczöl Ferenc,Könczöl Ferenc,,,Hungarian,,not_found,
Kondor Ádám,Kondor Ádám,1964,,Hungarian,,,
Kontor Tamás,Kontor Tamás,1977,,Hungarian,,pop,Kategória:Magyar dalszerzők
Körmendi Vilmos,Körmendi Vilmos,1931,2016,Hungarian,,,
Kósa György,Kósa György,1897,1984,Hungarian,,,
Kossovits József,Kossovits József,after 1750,before 1819,Hungarian,,,
Koudela Géza,Koudela Géza,1894,1939,Hungarian,,not_found,
Kovács Ákos (zenész),Kovács Ákos,1968,,Hungarian,,pop,Kategória:Magyar dalszerzők
Kovács Attila (zeneszerző),Kovács Attila,1953,,Hungarian,,pop,Kategória:Magyar dzsesszzenészek
Kovács György (hangmérnök),Kovács György,1942,,Hungarian,,,
Kovács Mátyás,Kovács Mátyás,,,Hungarian,,,
Kovács Olivér (zeneszerző),Kovács Olivér,1989,,Hungarian,,not_found,
Kovách Andor,Kovách Andor,1915,2005,Hungarian,,not_found,
Kováts Barna,Kováts Barna,1920,2005,Hungarian,,,
Kozma Géza (zeneszerző),Kozma Géza,1902,1986,Hungarian,,,
Kozma József (zeneszerző),Kozma József,1905,1969,Hungarian,,,
Kozma Mátyás,Kozma Mátyás,1929,1994,Hungarian,,,
Kozso,Kozso,1965,,Hungarian,,pop,Kategória:Magyar dalszerzők
Krulich Zoltán,Krulich Zoltán,1951,,Hungarian,,not_found,
"Kurtág György (zeneszerző, 1926)",Kurtág György,1926,,Hungarian,,,
Kutrik Bence,Kutrik Bence,1976,,Hungarian,,,
Kusser János Zsigmond,Kusser János Zsigmond,1660,1727,Hungarian,Baroque,not_found,
L.L. Junior,L.L. Junior,1981,,Hungarian,,pop,Kategória:Magyar könnyűzenei előadók
Laczó Zoltán Vince,Laczó Zoltán Vince,1964,,Hungarian,,,
Lajkó Félix,Lajkó Félix,1974,,Hungarian,,,
Lajtha László,Lajtha László,1892,1963,Hungarian,,,
Láng György,Láng György,1908,1976,Hungarian,,,
Láng István (zeneszerző),Láng István,1933,,Hungarian,,,
Langer János,Langer János,1819,1889,Hungarian,,,
Langer Viktor,Langer Viktor,1842,1902,Hungarian,,,
Láni Oszkár,Láni Oszkár,1888,1953,Hungarian,,,
Lányi Ernő,Lányi Ernő,1861,1923,Hungarian,,,
Lányi Viktor Géza,Lányi Viktor Géza,1889,1962,Hungarian,,,
László Ákos (hegedűművész),László Ákos,1871,1946,Hungarian,,,
László Alexander,László Alexander,1895,1970,Hungarian,,not_found,
László Árpád,László Árpád,1864,1960,Hungarian,,,
Lavotta János,Lavotta János,1764,1820,Hungarian,Classical-era,,
Lavotta Rezső,Lavotta Rezső,1876,1962,Hungarian,,,
Lázár Zsigmond,Lázár Zsigmond,1964,,Hungarian,,not_found,
Legány Dénes,Legány Dénes,1965,2000,Hungarian,,not_found,
Lehár Ferenc,Lehár Ferenc,1870,1948,Hungarian,,,
Lehotka Gábor,Lehotka Gábor,1938,2009,Hungarian,,,
Lendvai Ervin,Lendvai Ervin,1882,1949,Hungarian,,,
Lendvay Kamilló,Lendvay Kamilló,1928,2016,Hungarian,,,
Lengyel László Béla,Lengyel László Béla,1891,1957,Hungarian,,,
Lerch István,Lerch István,1953,,Hungarian,,pop,Kategória:Magyar dalszerzők
Lévay Szilveszter,Lévay Szilveszter,1945,,Hungarian,,,
Ligeti György,Ligeti György,1923,2006,Hungarian,,,
Lisznyay Szabó Gábor,Lisznyay Szabó Gábor,1913,1981,Hungarian,,,
Liszt Ferenc,Liszt Ferenc,1811,1886,Hungarian,,,
Losonczy Andor,Losonczy Andor,1932,2018,Hungarian,,,
Lovay László,Lovay László,1952,2018,Hungarian,,pop,Kategória:Magyar énekesek
Lukács László (énekes),Lukács László,1968,,Hungarian,,pop,Kategória:Magyar énekesek
Madarász Iván,Madarász Iván,1949,,Hungarian,,,
Magala Ronnie,Magala Ronnie,1978,,Hungarian,,,
Majláth Júlia,Majláth Júlia,1921,1976,Hungarian,,,
Major Ervin,Major Ervin,1901,1967,Hungarian,,,
Major J. Gyula,Major J. Gyula,1858,1925,Hungarian,,,
Malcsiner Béla,Malcsiner Béla,1904,1978,Hungarian,,not_found,
Malek Miklós (zeneszerző),Malek Miklós,1945,,Hungarian,,,
Malek Miklós (producer),Ifj. Malek Miklós,1975,,Hungarian,,,
Márkos Albert (zeneszerző),Márkos Albert,1914,1981,Hungarian,,,
Márkus Tibor (dzsesszzenész),Márkus Tibor,1956,,Hungarian,,,
Maros Miklós,Maros Miklós,1943,,Hungarian,,,
Maros Rudolf,Maros Rudolf,1917,1982,Hungarian,,,
Maróti Gábor (zeneszerző),Maróti Gábor,1978,,Hungarian,,,
Márta István,Márta István,1952,,Hungarian,,,
Edvin Marton,Edvin Marton,1974,,Hungarian,,,
Máté Péter (énekes),Máté Péter,1947,1984,Hungarian,,pop,Kategória:Magyar énekesek
Matkó Tamás,Matkó Tamás,1981,,Hungarian,,not_found,
Mátray Gábor,Mátray Gábor,1797,1875,Hungarian,,,
Megyeri Krisztina,Megyeri Krisztina,1974,,Hungarian,,,
Megyeri Lajos (zeneszerző),Megyeri Lajos,1935,,Hungarian,,,
Melis László,Melis László,1953,2018,Hungarian,,,
Menner Bernát,Menner Bernát,c. 1786,1846,Hungarian,Classical-era,,
Menner Lajos,Menner Lajos,1797,1872,Hungarian,,not_found,
Mérész Ignác,Mérész Ignác,1943,,Hungarian,,not_found,
Merkl József,Merkl József,,,Hungarian,,not_found,
Mészáros László (zeneszerző),Mészáros László,1979,,Hungarian,,not_found,
Mertz János Gáspár,Mertz János Gáspár,1806,1856,Hungarian,,,
Meskó Ilona,Meskó Ilona,1981,,Hungarian,,,
Mezey Zsigmond,Mezey Zsigmond,1885,1944,Hungarian,,,
Mező Imre (zenész),Mező Imre,1932,,Hungarian,,not_found,
Mihalicza Csenge,Mihalicza Csenge,,,Hungarian,,not_found,
Mihalik Kálmán,Mihalik Kálmán,1896,1922,Hungarian,,,
Mihalovich Ödön,Mihalovich Ödön,1842,1929,Hungarian,,,
Mihály András (zeneszerző),Mihály András,1917,1993,Hungarian,,,
Mihály Tamás,Mihály Tamás,1947,,Hungarian,,,
Molnár Attila Vajk,Molnár Attila Vajk,1975,,Hungarian,,not_found,
Móczán Péter,Móczán Péter,1951,,Hungarian,,,
Mohay Miklós,Mohay Miklós,1960,,Hungarian,,not_found,
Molnár Antal (zenetörténész),Molnár Antal,1890,1983,Hungarian,,,
Molnár György (zenész),Molnár György,1949,,Hungarian,,,
Moór Emánuel,Moór Emánuel,1863,1931,Hungarian,,,
Móricz Mihály,Móricz Mihály,1948,,Hungarian,,pop,Kategória:Magyar énekesek
Mosonyi Mihály,Mosonyi Mihály,1815,1870,Hungarian,,,
Müller Adolf (zeneszerző),Müller Adolf,1801,1886,Hungarian,,,
Muntag Lőrinc,Muntag Lőrinc,1987,,Hungarian,,not_found,
Nádas Gábor,Nádas Gábor,1932,1987,Hungarian,,,
Nádasdy Kálmán,Nádasdy Kálmán,1904,1980,Hungarian,,,
Nádor Gyula,Nádor Gyula,1860,1889,Hungarian,,,
Nádor Mihály,Nádor Mihály,1882,1944,Hungarian,,,
Nagy Ákos (zeneszerző),Nagy Ákos,1982,,Hungarian,,,
Nagy Feró,Nagy Feró,1946,,Hungarian,,pop,Kategória:Magyar könnyűzenei előadók
Nagy Olivér (karmester),Nagy Olivér,1912,2000,Hungarian,,,
Nagypál Béla,Nagypál Béla,1894,1968,Hungarian,,,
Negrelli Henrik,Negrelli Henrik,1911,1993,Hungarian,,not_found,
Németh Amadé,Németh Amadé,1922,2001,Hungarian,,,
Németh Gábor (zenész),Németh Gábor,1955,,Hungarian,,,
Németh Juci,Németh Juci,1977,,Hungarian,,pop,Kategória:Magyar könnyűzenei előadók
Németh Norbert (zeneszerző),Németh Norbert,1975,,Hungarian,,,
Németh Tibor (zeneszerző),Németh Tibor,1961,,Hungarian,,not_found,
Nógrádi Péter,Nógrádi Péter,1952,,Hungarian,,,
Novacek Ottokar Eugen,Novacek Ottokar Eugen,1866,1900,Hungarian,,not_found,
Novák Péter,Novák Péter,1970,,Hungarian,,pop,Kategória:Magyar könnyűzenei előadók
Nyeső Mari,Nyeső Mari,1967,,Hungarian,,pop,Kategória:Magyar könnyűzenei előadók
Nyíregyházi Ervin,Nyíregyházi Ervin,1903,1987,Hungarian,,,
Nyizsnyay Gusztáv,Nyizsnyay Gusztáv,1829,1882,Hungarian,,,
Oláh Károly (zeneszerző),Oláh Károly,1841,1900,Hungarian,,,
Oláh Tibor (zeneszerző),Oláh Tibor,1927,2002,Hungarian,,,
Olsvai Imre,Olsvai Imre,1931,2014,Hungarian,,,
Olsvay Endre,Olsvay Endre,1961,,Hungarian,,not_found,
Orbán György (zeneszerző),Orbán György,1947,,Hungarian,,,
Orbán Tamás,Orbán Tamás,1974,,Hungarian,,,
Orlay Jenő,Orlay Jenő,1905,1973,Hungarian,,,
Országh Tivadar,Országh Tivadar,1901,1963,Hungarian,,,
Ottó Ferenc,Ottó Ferenc,1904,1976,Hungarian,,,
Pacha Gáspár,Pacha Gáspár,1776,1811,Hungarian,,,
Pacsay Attila,Pacsay Attila,1970,,Hungarian,,,
Pálmai Krisztián,Pálmai Krisztián,1975,,Hungarian,,,
Palotásy János,Palotásy János,1831,1878,Hungarian,,not_found,
Pálóczi Horváth Ádám,Pálóczi Horváth Ádám,1760,1820,Hungarian,,,
Papp Lajos (zeneszerző),Papp Lajos,1935,2019,Hungarian,,,
Papp Viktor,Papp Viktor,1881,1954,Hungarian,,,
Pártos Jenő,Pártos Jenő,1895,1963,Hungarian,,,
Pászti Miklós,Pászti Miklós,1928,1989,Hungarian,,,
Patachich Iván,Patachich Iván,1922,1993,Hungarian,,,
Payer András,Payer András,1941,2011,Hungarian,,pop,Kategória:Magyar könnyűzenei előadók
Pazeller Jakab,Pazeller Jakab,1869,1957,Hungarian,,,
Pécsi József (katonakarmester),Pécsi József (katonakarmester),1874,1958,Hungarian,,,
Pege Aladár,Pege Aladár,1939,2006,Hungarian,,pop,Kategória:Magyar dzsesszzenészek
Perczel György,Perczel György,1963,,Hungarian,,,
Perényi Miklós (gordonkaművész),Perényi Miklós,1948,,Hungarian,,,
Peter Windtorn Molnar,Peter Windtorn Molnar,,,Hungarian,,pop,Kategória:Magyar rockzenészek
Pertis Jenő (zeneszerző),Pertis Jenő,1939,2007,Hungarian,,,
Peskó Zoltán (orgonaművész),Peskó Zoltán,1903,1967,Hungarian,,,
Peskó Zoltán (zeneszerző),Peskó Zoltán,1937,2020,Hungarian,,,
Pető Csaba,Pető Csaba,,,Hungarian,,not_found,
Pethő Zsolt,Pethő Zsolt,1937,2016,Hungarian,,,
Petrovics Emil,Petrovics Emil,1930,2011,Hungarian,,,
Péterfia Miklós,Péterfia Miklós,,,Hungarian,,not_found,
Péter Bence,Péter Bence,1991,,Hungarian,,,
Pierrot (zenész),Pierrot,1969,,Hungarian,,pop,Kategória:Magyar dalszerzők
Pintér Gyula,Pintér Gyula,1954,,Hungarian,,not_found,
Pócs Katalin,Pócs Katalin,1963,2019,Hungarian,,,
Pogatschnigg Guido,Pogatschnigg Guido,1867,1937,Hungarian,,,
Poldini Ede,Poldini Ede,1869,1957,Hungarian,,,
Polgár Tibor (zeneszerző),Polgár Tibor,1907,1993,Hungarian,,,
Pongrácz Zoltán,Pongrácz Zoltán,1912,2007,Hungarian,,,
Popper Dávid,Popper Dávid,1843,1913,Hungarian,,,
Premecz Mátyás,Premecz Mátyás,1982,,Hungarian,,,
Presser Gábor,Presser Gábor,1948,,Hungarian,,pop,Kategória:Magyar könnyűzenei előadók
"Rácz Pali (cigányprímás, 1815–1885)",Rácz Pali,1815,1885,Hungarian,,pop,Kategória:Magyar dalszerzők
,Radanovic Zoran,1972,,Hungarian,,no_article,
Radics Béla (gitáros),Radics Béla,1946,1982,Hungarian,,pop,Kategória:Magyar rockzenészek
Radics Jenő,Radics Jenő,1889,1951,Hungarian,,,
Radnai Miklós,Radnai Miklós,1892,1935,Hungarian,,,
Radó Aladár (zeneszerző),Radó Aladár,1882,1914,Hungarian,,,
Radó Árpád (újságíró),Radó Árpád,1909,1943,Hungarian,,,
Rajter Lajos,Rajter Lajos,1906,2000,Hungarian,,,
Rakonczai Imre,Rakonczai Imre,1972,,Hungarian,,,
Rakonczai Viktor,Rakonczai Viktor,1976,,Hungarian,,pop,Kategória:Magyar könnyűzenei előadók
Ránki György (zeneszerző),Ránki György,1907,1992,Hungarian,,,
Rátonyi Róbert (zenész),Rátonyi Róbert,1953,,Hungarian,,,
Rauch András,Rauch András,1592,1656,Hungarian,,not_found,
Reinitz Béla,Reinitz Béla,1878,1943,Hungarian,,,
Rékai Nándor (karmester),Rékai Nándor,1870,1943,Hungarian,,,
Reményi Attila,Reményi Attila,1959,,Hungarian,,not_found,
Reményi Béla,Reményi Béla,1883,1938,Hungarian,,pop,"nóta (Hungarian popular-song) composer, not concert music -- no hu.wikipedia article for classify_hu_wiki_composers.py to catch this one automatically"
Reményi Ede (hegedűművész),Reményi Ede,1828,1898,Hungarian,,,
Révay György,Révay György,1878,after 1930,Hungarian,,,
Révész Mitó,Révész Mitó,1905,1936,Hungarian,,,
Ribáry Antal,Ribáry Antal,1924,1992,Hungarian,,,
Risznerné Z. Kozma Ida,Risznerné Z. Kozma Ida,1840?,after 1931,Hungarian,,pop,Kategória:Magyar dalszerzők
Sigmund Romberg,Sigmund Romberg,1887,1951,Hungarian,,,
Rostetter Szilveszter,Rostetter Szilveszter,1957,,Hungarian,,not_found,
Rózmann Ákos,Rózmann Ákos,1939,2005,Hungarian,,,
Rózsa Miklós (zeneszerző),Rózsa Miklós,1907,1995,Hungarian,,,
Rózsa Pál,Rózsa Pál,1946,,Hungarian,,not_found,
Rózsavölgyi Márk,Rózsavölgyi Márk,c. 1788,1848,Hungarian,,,
Ruzitska György,Ruzitska György,1786,1869,Hungarian,,,
Ruzitska Ignác,Ruzitska Ignác,1777,1833,Hungarian,Classical-era,,
Ruzitska József,Ruzitska József,1775,after 1823,Hungarian,,,
Sallay Mihály,Sallay Mihály,1910,1970,Hungarian,,not_found,
Sander Péter,Sander Péter,1933,,Hungarian,,not_found,
Sándor Emma,Sándor Emma,1863,1958,Hungarian,,,
Sárai Tibor,Sárai Tibor,1919,1995,Hungarian,,,
Sári Attila,Sári Attila,1976,,Hungarian,,,
Sári József,Sári József,1935,,Hungarian,,,
Sárik Péter,Sárik Péter,1972,,Hungarian,,pop,Kategória:Magyar énekesek
Sárközy Gergely,Sárközy Gergely,1952,,Hungarian,,,
Sárközy István (zeneszerző),Sárközy István,1920,2002,Hungarian,,not_found,
Sáry Bánk,Sáry Bánk,1973,,Hungarian,,,
Sáry László,Sáry László,1940,,Hungarian,,,
Schóber Tamás,Schóber Tamás,1963,,Hungarian,,,
Schöck Ottó,Schöck Ottó,1946,1999,Hungarian,,pop,Kategória:Magyar dalszerzők
Sebastian (Nagy Péter),Sebastian,1962,,Hungarian,,not_found,
Sebestyén András (zeneszerző),Sebestyén András,1917,1995,Hungarian,,not_found,
Sebő Ferenc,Sebő Ferenc,1947,,Hungarian,,pop,Kategória:Magyar énekesek
Sebők Ferenc,Sebők Ferenc,1952,,Hungarian,,not_found,
Seiber Mátyás,Seiber Mátyás,1905,1960,Hungarian,,,
Selmeczi György (zeneszerző),Selmeczi György,1952,,Hungarian,,,
Sendrey Alfred,Sendrey Alfred,1884,1976,Hungarian,,not_found,
Serei Zsolt,Serei Zsolt,1954,,Hungarian,,,
Seress Rezső,Seress Rezső,1899?,1968,Hungarian,,pop,"Kategória:Öngyilkos zenészek, énekesek"
Serly Lajos,Serly Lajos,1855,1939,Hungarian,,,
Serly Tibor,Serly Tibor,1901,1978,Hungarian,,,
Siklós Albert,Siklós Albert,1878,1942,Hungarian,,,
Sillye Jenő (zeneszerző),Sillye Jenő,1947,,Hungarian,,pop,Kategória:Magyar könnyűzenei előadók
Simon Zoltán (zeneszerző),Simon Zoltán,1920,1991,Hungarian,,,
Simonffy Kálmán,Simonffy Kálmán,1832,1881,Hungarian,,not_found,
Simor Veronika,Simor Veronika,1976,,Hungarian,,,
Siposs Antal,Siposs Antal,1839,1923,Hungarian,,,
Slamovits István,Slamovits István,1953,,Hungarian,,pop,Kategória:Magyar énekesek
Snétberger Ferenc,Snétberger Ferenc,1957,,Hungarian,,,
Solti Árpád,Solti Árpád,198?,,Hungarian,,,
Solti János,Solti János,1953,,Hungarian,,pop,Kategória:Magyar rockzenészek
Soltész Rezső,Soltész Rezső,1945,,Hungarian,,pop,Kategória:Magyar dalszerzők
Thomas Solymosi,Thomas Solymosi,1956,,Hungarian,,,
Soós András (zeneszerző),Soós András,1954,,Hungarian,,,
Som Lajos,Som Lajos,1947,2017,Hungarian,,pop,Kategória:Magyar rockzenészek
Soproni József (zeneszerző),Soproni József,1930,2021,Hungarian,,,
Spándli Szilárd,Spándli Szilárd,1978,,Hungarian,,not_found,
Spech János,Spech János,1769,1836,Hungarian,Classical-era,,
Stark Tibor (zeneszerző),Stark Tibor,1933,2007,Hungarian,,pop,Kategória:Magyar dzsesszzenészek
Steiner Béla (zeneszerző),Steiner Béla,1927,2016,Hungarian,,,
Stollár Xénia,Stollár Xénia,1970,,Hungarian,,not_found,
Sugár Miklós,Sugár Miklós,1952,,Hungarian,,,
Sugár Rezső,Sugár Rezső,1919,1988,Hungarian,,,
Sulyok Imre (zeneszerző),Sulyok Imre,1912,2008,Hungarian,,,
Svastics János,Svastics János,1802,1873,Hungarian,,,
Szabados Béla (zeneszerző),Szabados Béla,1867,1936,Hungarian,,,
Szabados Géza,Szabados Géza,1839,1903,Hungarian,,,
Szabados György (zongoraművész),Szabados György,1939,2011,Hungarian,,,
"Szabó Balázs (zenész, 1978)",Szabó Balázs,1978,,Hungarian,,pop,Kategória:Magyar énekesek
Szabó Csaba (zeneszerző),Szabó Csaba,1936,2003,Hungarian,,,
Szabó Ferenc (zeneszerző),Szabó Ferenc,1902,1969,Hungarian,,,
Szabó Gábor (zenész),Szabó Gábor,1936,1982,Hungarian,,,
Szakácsi Gábor,Szakácsi Gábor,1975,,Hungarian,,pop,Kategória:Magyar dalszerzők
Szakcsi Lakatos Béla,Szakcsi Lakatos Béla,1943,2022,Hungarian,,,
Szalai Katalin,Szalai Katalin,1974,,Hungarian,,not_found,
Szántó Tivadar,Szántó Tivadar,1877,1934,Hungarian,,,
Szarka Gyula,Szarka Gyula,1962,,Hungarian,,pop,Kategória:Magyar énekesek
Szarka Tamás,Szarka Tamás,1964,,Hungarian,,pop,Kategória:Magyar énekesek
Szarvas Gábor,Szarvas Gábor,1977,,Hungarian,,,
Szathmáry Zsigmond,Szathmáry Zsigmond,,,Hungarian,,not_found,
Szautner Zsigmond,Szautner Zsigmond,1844,1910,Hungarian,,not_found,
Szegő Péter,Szegő Péter,1954,,Hungarian,,not_found,
Szécsi Lőrinc,Szécsi Lőrinc,,,Hungarian,,not_found,
Székely Endre,Székely Endre,1912,1989,Hungarian,,,
Székely Iván,Székely Iván,,,Hungarian,,not_found,
Székely Katalin,Székely Katalin,,,Hungarian,,not_found,
Székely Zoltán (hegedűművész),Székely Zoltán,1903,2001,Hungarian,,,
Székelyhidi Zsolt,Székelyhidi Zsolt,1973,,Hungarian,,,
Szelényi István,Szelényi István,1904,1972,Hungarian,,pop,"Kategória:Öngyilkos zenészek, énekesek"
Szemző Tibor,Szemző Tibor,1955,,Hungarian,,,
Szendy Árpád,Szendy Árpád,1863,1922,Hungarian,,,
Szénfy Gusztáv,Szénfy Gusztáv,1819,1875,Hungarian,,,
Szentirmay Elemér,Szentirmay Elemér,1836,1908,Hungarian,,,
Szentpéteri Csilla,Szentpéteri Csilla,1965,,Hungarian,,,
Szerdahelyi József,Szerdahelyi József,1804,1851,Hungarian,,pop,Kategória:Magyar operaénekesek
Szerdahelyi Zoltán,Szerdahelyi Zoltán,,,Hungarian,,not_found,
Szerelemhegyi András,Szerelemhegyi András,1762,1826,Hungarian,,,
Szenes Iván (zeneszerző),Szenes Iván,1924,2010,Hungarian,,,
Szervác Attila,Szervác Attila,,,Hungarian,,not_found,
Szervánszky Endre,Szervánszky Endre,1911,1977,Hungarian,,,
Szigeti Csaba,Szigeti Csaba,1969,,Hungarian,,pop,Kategória:Magyar könnyűzenei előadók
Szigeti Edit,Szigeti Edit,1953,,Hungarian,,pop,Kategória:Magyar könnyűzenei előadók
Szikora Róbert,Szikora Róbert,1953,,Hungarian,,pop,Kategória:Magyar könnyűzenei előadók
Szirmai Albert,Szirmai Albert,1880,1967,Hungarian,,,
Szokolay Sándor,Szokolay Sándor,1931,2013,Hungarian,,,
Szotyori Nagy Károly,Szotyori Nagy Károly,1821,1897,Hungarian,,,
Szőllősy András,Szőllősy András,1921,2007,Hungarian,,,
Szőnyi Erzsébet,Szőnyi Erzsébet,1924,2019,Hungarian,,,
Szörényi Levente,Szörényi Levente,1945,,Hungarian,,pop,Kategória:Magyar könnyűzenei előadók
Szörényi Szabolcs,Szörényi Szabolcs,1943,2024,Hungarian,,pop,Kategória:Magyar énekesek
Sztárai Mihály,Sztárai Mihály,c. 1500,1575,Hungarian,,,
Sztevanovity Zorán,Sztevanovity Zorán,1942,,Hungarian,,pop,Kategória:Magyar dalszerzők
Sztojanovits Jenő,Sztojanovits Jenő,1864,1919,Hungarian,,,
Szunyogh Balázs,Szunyogh Balázs,1954,1990,Hungarian,,,
Szüts Apor,Szüts Apor,1993,,Hungarian,,,
Szűcs Norbert,Szűcs Norbert,1970,,Hungarian,,pop,Kategória:Magyar könnyűzenei előadók
Takács Jenő (zeneszerző),Takács Jenő,1902,2005,Hungarian,,,
Takácsy Imre,Takácsy Imre,1949,2015,Hungarian,,not_found,
Takáts Tamás,Takáts Tamás,1957,,Hungarian,,pop,Kategória:Magyar rockzenészek
Tallér Zsófia,Tallér Zsófia,1970,2021,Hungarian,,,
Tamás Alajos,Tamás Alajos,,,Hungarian,,not_found,
Tamás János,Tamás János,1936,1995,Hungarian,,not_found,
Tamássy Zdenkó,Tamássy Zdenkó,1921,1987,Hungarian,,,
Tardos Béla (zeneszerző),Tardos Béla,1910,1966,Hungarian,,,
Terényi Ede,Terényi Ede,1935,,Hungarian,,,
Teszleri Zoltán,Teszleri Zoltán,,,Hungarian,,not_found,
Thern Károly,Thern Károly,1817,1886,Hungarian,,,
Tihanyi László (zeneszerző),Tihanyi László,1956,,Hungarian,,,
Tillai Aurél,Tillai Aurél,1930,,Hungarian,,,
Tinódi Lantos Sebestyén,Tinódi Lantos Sebestyén,c. 1510,1556,Hungarian,,,
Tiszai Péter,Tiszai Péter,1973,,Hungarian,,,
Togobickij Viktor,Togobickij Viktor,1952,1999,Hungarian,,,
Tolcsvay Béla,Tolcsvay Nagy Béla,1946,,Hungarian,,pop,Kategória:Magyar énekesek
Tolcsvay László,Tolcsvay Nagy László,1950,,Hungarian,,pop,Kategória:Magyar énekesek
Tomsits Rudolf,Tomsits Rudolf,1946,2003,Hungarian,,pop,Kategória:Magyar dzsesszzenészek
Tornyai Péter,Tornyai Péter,1987,,Hungarian,,,
Tóth Armand,Tóth Armand,1955,,Hungarian,,,
Tóth Péter (zeneszerző),Tóth Péter,1965,,Hungarian,,,
Tóth Szabolcs (szitárművész),Tóth Szabolcs,1969,,Hungarian,,,
"Tóth Zoltán (zenész, 1966)",Tóth Zoltán András,1966,,Hungarian,,,
Török Ádám (zenész),Török Ádám,1948,,Hungarian,,pop,Kategória:Magyar rockzenészek
Ullmann Ottó (zeneszerző),Ullmann Ottó,1919,2008,Hungarian,,not_found,
Udvardy László,Udvardy László,1927,,Hungarian,,,
Ujházy Krisztina,Ujházy Krisztina,1974,,Hungarian,,not_found,
Újj Béla,Újj Béla,1873,1942,Hungarian,,not_found,
Urbán Gábor (zeneszerző),Urbán Gábor,1901,1984,Hungarian,,,
Vágvölgyi Béla,Vágvölgyi Béla,1857,,Hungarian,,not_found,
Vajda Gergely,Vajda Gergely,1973,,Hungarian,,,
Vajda János (zeneszerző),Vajda János,1949,,Hungarian,,,
Vandor Iván,Vandor Iván,1932,,Hungarian,,not_found,
Vándor Sándor,Vándor Sándor,1901,1945,Hungarian,,,
Vántus István,Vántus István,1935,1992,Hungarian,,,
Varga Judit (zeneszerző),Varga Judit,1979,,Hungarian,,,
Varga Tibor (hegedűművész),Varga Tibor,1921,2003,Hungarian,,,
Váry Ferenc,Váry Ferenc,1928,2004,Hungarian,,not_found,
Vasadi Balogh Lajos,Vasadi Balogh Lajos,1921,2002,Hungarian,,,
Vásárhelyi Zoltán,Vásárhelyi Zoltán,1900,1977,Hungarian,,,
Vass Lajos (zeneszerző),Vass Lajos,1927,1992,Hungarian,,,
Vasváry-Tóth Tibor,Vasváry-Tóth Tibor,1962,,Hungarian,,pop,Kategória:Magyar könnyűzenei szakírók
Vaszy Viktor,Vaszy Viktor,1903,1979,Hungarian,,,
Vavrinecz Béla,Vavrinecz Béla,1925,2004,Hungarian,,,
Vavrinecz Mór,Vavrinecz Mór,1858,1913,Hungarian,,,
Vécsey Ernő,Vécsey Ernő,1910,1977,Hungarian,,,
Vecsey Ferenc,Vecsey Ferenc,1893,1935,Hungarian,,,
Vécsey Jenő,Vécsey Jenő,1909,1966,Hungarian,,,
Vedres Csaba,Vedres Csaba,1964,,Hungarian,,,
Véghelyi Balázs,Véghelyi Balázs,1983,,Hungarian,,pop,Kategória:Magyar dalszerzők
Veress Sándor (zeneszerző),Veress Sándor,1907,1992,Hungarian,,,
Vermesy Péter,Vermesy Péter,1939,1989,Hungarian,,,
Verő György,Verő György,1857,1941,Hungarian,,,
Victor Máté,Victor Máté,1945,,Hungarian,,,
Vidovszky László,Vidovszky László,1944,,Hungarian,,,
Vigh Kristóf,Vigh Kristóf,1959,,Hungarian,,not_found,
Víg Mihály,Víg Mihály,1957,,Hungarian,,pop,Kategória:Magyar énekesek
Tommy Vig,Víg Tommy,1938,,Hungarian,,pop,Kategória:Amerikai dzsesszzenészek
Vincze Imre (zeneszerző),Vincze Imre,1926,1969,Hungarian,,,
Vincze Ottó (zeneszerző),Vincze Ottó,1906,1984,Hungarian,,,
Vincze Zsigmond,Vincze Zsigmond,1874,1935,Hungarian,,,
Viski János (zeneszerző),Viski János,1906,1961,Hungarian,,,
Voga János,Voga János,1952,,Hungarian,,,
Volkmann Róbert,Volkmann Róbert,1815,1883,Hungarian,,,
Volly István (zeneszerző),Volly István,1907,1992,Hungarian,,,
Vujicsics Tihamér,Vujicsics Tihamér,1929,1975,Hungarian,,,
Rudolf Wagner-Régeny,Rudolf Wagner-Régeny,1903,1969,Hungarian,,,
Walker Abraham,Walker Abraham,1948,,Hungarian,,not_found,
Waszlavik László,Waszlavik László,1951,,Hungarian,,pop,Kategória:Magyar énekesek
Wathay Ferenc,Wathay Ferenc,1568,after 1609,Hungarian,,,
Weber Kristóf,Weber Kristóf,1959,,Hungarian,,,
Weinberger Attila,Weinberger Attila,1965,,Hungarian,,not_found,
Weiner László,Weiner László,1916,1944,Hungarian,,,
Weiner Leó,Weiner Leó,1885,1960,Hungarian,,,
Werner Alajos,Werner Alajos,1905,1978,Hungarian,,,
Wohlberg Max,Wohlberg Max,1907,1996,Hungarian,,not_found,
Wohlmuth János,Wohlmuth János,1643,1724,Hungarian,,not_found,
Wusching Konrád Pál,Wusching Konrád Pál,1827,1900,Hungarian,,,
Würtzler Arisztid,Würtzler Arisztid,1925,1997,Hungarian,,,
Yonderboi,Yonderboi,1980,,Hungarian,,,
Zarándy Ákos,Zarándy Ákos,1982,,Hungarian,,,
Záborszky József,Záborszky József,1918,2015,Hungarian,,,
Zádor Dezső (zeneszerző),Zádor Dezső,1912,1985,Hungarian,,,
Zádor Jenő,Zádor Jenő,1894,1977,Hungarian,,,
Zelenka István,Zelenka István,1936,,Hungarian,,not_found,
Zerkovitz Béla,Zerkovitz Béla,1881,1948,Hungarian,,,
Zichy Géza,Zichy Géza,1849,1924,Hungarian,,,
Zimay László,Zimay László,1833,1900,Hungarian,,,
Zombola Péter,Zombola Péter,1983,,Hungarian,,,
Zsasskovszky Ferenc,Zsasskovszky Ferenc,1819,1887,Hungarian,,,
Zsasskovszky Endre,Zsasskovszky Endre,1824,1882,Hungarian,,,
Zsoldos Péter,Zsoldos Péter,1930,1997,Hungarian,,,
Zsolt Nándor,Zsolt Nándor,1887,1936,Hungarian,,,
