name,wikidata_id,description,wikipedia_en
Adam Glasser,Q349499,South African jazz musician based in London,
Adam Gorb,Q131775524,,https://en.wikipedia.org/wiki/Adam_Gorb
Adam Liszt,Q350325,father of Franz Liszt,https://en.wikipedia.org/wiki/Adam_Liszt
Adelina de Lara,Q15452779,British musician (1872–1961),https://en.wikipedia.org/wiki/Adelina_de_Lara
Adolf Schiffer,Q4524609,Hungarian cellist (1873–1950),https://en.wikipedia.org/wiki/Adolf_Schiffer
Adolfo Salazar,Q5658135,Spanish music critic,https://en.wikipedia.org/wiki/Adolfo_Salazar
Adolphe Armand Bizet,Q20331356,French hairdresser and music educator,
Adolphe Nourrit,Q634623,French opera singer (1802-1839),https://en.wikipedia.org/wiki/Adolphe_Nourrit
Adriana Ferrarese del Bene,Q455934,opera singer,https://en.wikipedia.org/wiki/Adriana_Ferrarese_del_Bene
Agnes of Hesse-Kassel,Q394750,Princess consort of Anhalt-Dessau (1606-1650),https://en.wikipedia.org/wiki/Agnes_of_Hesse-Kassel
Agostino Bendinelli,Q61997412,,
Ahmet Zappa,Q401963,American musician,https://en.wikipedia.org/wiki/Ahmet_Zappa
Airat Ichmouratov,Q21063940,,https://en.wikipedia.org/wiki/Airat_Ichmouratov
Albert Noelte,Q94574227,,
Alberta d'Angeli Cattini,Q118301791,,
Alejandro Planchart,Q355738,American musicologist (1935–2019),https://en.wikipedia.org/wiki/Alejandro_Planchart
Aleksander Różycki,Q26244368,Polish pianist and teacher,
Aleksandŭr Vladigerov,Q12271433,Bulgarian pianist (1933–1993),
Alessandro Busi,Q11904863,,
Alexander Fesca,Q877260,German musician (1820-1849),https://en.wikipedia.org/wiki/Alexander_Fesca
Alexander Ossovsky,Q4338440,"Musicologist, Russian writer (1871-1957)",https://en.wikipedia.org/wiki/Alexander_Ossovsky
Alexander Schreiner,Q2012405,German organist (1901–1987),https://en.wikipedia.org/wiki/Alexander_Schreiner
Alexander Voltz,Q115765788,,https://en.wikipedia.org/wiki/Alexander_Voltz
Alexander Wunderer,Q17104325,Austrian musician,https://en.wikipedia.org/wiki/Alexander_Wunderer
Alexandre Ribó i Vall,Q131626792,,
Alfred Jaëll,Q330244,Austrian pianist (1832–1882),https://en.wikipedia.org/wiki/Alfred_Jaëll
Alfrēds Kalniņš,Q983962,Latvian musician (1879-1951),https://en.wikipedia.org/wiki/Alfrēds_Kalniņš
Ali Brezovský,Q12762134,,
Alicia de Larrocha,Q232255,Spanish-Catalan pianist (1923–2009),https://en.wikipedia.org/wiki/Alicia_de_Larrocha
Alissa Firsova,Q4727244,Russian-British musician,https://en.wikipedia.org/wiki/Alissa_Firsova
Alonso de Cobaleda,Q55835957,,
Alphonse Leduc,Q50333026,French musician and publisher,
Amanda Röntgen-Maier,Q273661,Swedish musician (1853–1894),https://en.wikipedia.org/wiki/Amanda_Röntgen-Maier
Amaury du Closel,Q455908,,https://en.wikipedia.org/wiki/Amaury_du_Closel
Amelia Załuska,Q11685622,painter (1805-1858),
Anders Rachlew,Q19753833,,
André Collin,Q108167947,Belgian musician,
Andy Akiho,Q30335514,,https://en.wikipedia.org/wiki/Andy_Akiho
Angelo Gardano,Q52153987,Venetian musical publisher (1540-1611),
Angelo Mascheroni,Q3617086,Italian musician (1855-1905),https://en.wikipedia.org/wiki/Angelo_Mascheroni_(composer)
Angélica Negrón,Q28404161,,https://en.wikipedia.org/wiki/Angélica_Negrón
Anna Appleby,Q124155145,,https://en.wikipedia.org/wiki/Anna_Appleby
Anna Caroline Oury,Q4766898,German musician,https://en.wikipedia.org/wiki/Anna_Caroline_Oury
Anna de La Grange,Q4767645,French opera singer,https://en.wikipedia.org/wiki/Anna_de_La_Grange
Anna Hirzel-Langenhan,Q122611,Swiss pianist and music educator (1874-1951),https://en.wikipedia.org/wiki/Anna_Hirzel-Langenhan
Anna Magdalena Bach,Q57212,German singer and the second wife of Johann Sebastian Bach (1701-1760),https://en.wikipedia.org/wiki/Anna_Magdalena_Bach
Anna Mahler,Q215588,Austrian sculptor (1904-1988),https://en.wikipedia.org/wiki/Anna_Mahler
Anna Weiss-Busoni,Q42529696,pianist,
Anne Vanschothorst,Q2783325,,https://en.wikipedia.org/wiki/Anne_Vanschothorst
Annette-Julie Nicolò-Isouard,Q29051748,,
Anoushka Shankar,Q259379,British-American musician,https://en.wikipedia.org/wiki/Anoushka_Shankar
Antoine Guillot de Sainbris,Q3120577,French violist,
Antoine-François Marmontel,Q586181,"French pianist, teacher and musicographer (1816–1898)",https://en.wikipedia.org/wiki/Antoine_François_Marmontel
Anton Colander,Q4775711,German musician,https://en.wikipedia.org/wiki/Anton_Colander
Anton Gerke,Q4137199,Russian musician,
Anton Trutschel,Q66086412,,
Antoni Kątski,Q263091,Polish musician (1817–1899),https://en.wikipedia.org/wiki/Anton_de_Kontski
Antonín Bennewitz,Q252556,"Czech violinist, conductor and teacher (1833–1926)",https://en.wikipedia.org/wiki/Antonín_Bennewitz
Archduke Rudolf of Austria,Q93373,Austrian cardinal,https://en.wikipedia.org/wiki/Archduke_Rudolf_of_Austria
Aristotelis Koundouroff,Q4791085,Greek musician,https://en.wikipedia.org/wiki/Aristotelis_Koundouroff
Arkadyev Ivan Petrovich,Q106939275,,
Arnaldo Baptista,Q3305564,Brazilian musician,https://en.wikipedia.org/wiki/Arnaldo_Baptista
Arnold Rosé,Q215647,Austrian musician (1863–1946),https://en.wikipedia.org/wiki/Arnold_Rosé
Arthur Elwell Fisher,Q4798601,British musician,https://en.wikipedia.org/wiki/Arthur_Elwell_Fisher
Arthur Leblanc,Q2408500,Canadian violinist (1906-1985),
Arthur Nikisch,Q57210,Hungarian conductor (1855-1922),https://en.wikipedia.org/wiki/Arthur_Nikisch
Arthur Rubinstein,Q183182,Polish-American classical pianist (1887-1982),https://en.wikipedia.org/wiki/Arthur_Rubinstein
Ashley Fure,Q56290258,,https://en.wikipedia.org/wiki/Ashley_Fure
Astrid Onarheim,Q67228912,,
Athanasius Kircher,Q76738,German Jesuit scholar (1601 or 1602-1680),https://en.wikipedia.org/wiki/Athanasius_Kircher
August Ferdinand Anacker,Q214436,German Music cantor/conductor,https://en.wikipedia.org/wiki/August_Ferdinand_Anacker
August Wenzinger,Q672800,Swiss viola da gamba performer and conductor (1905–1996),https://en.wikipedia.org/wiki/August_Wenzinger
August Wilhelmj,Q69376,German violinist (1845–1908),https://en.wikipedia.org/wiki/August_Wilhelmj
Auguste Franchomme,Q517132,French musician (1808-1884),https://en.wikipedia.org/wiki/Auguste_Franchomme
Aurelio de la Vega,Q775706,,https://en.wikipedia.org/wiki/Aurelio_de_la_Vega
B. Tommy Andersson,Q5554064,Swedish conductor,https://en.wikipedia.org/wiki/B._Tommy_Andersson
Balázs Kocsár,Q17399694,Hungarian orchestral and operatic conductor,https://en.wikipedia.org/wiki/Balázs_Kocsár
Barbara Larssen,Q18009504,Norwegian singer,
Barbara Ployer,Q729164,Austrian musician,https://en.wikipedia.org/wiki/Barbara_Ployer
Beniamino Cesi,Q1619820,Italian musician (1845-1907),https://en.wikipedia.org/wiki/Beniamino_Cesi
Benjamin Johnson Lang,Q817556,American conductor (1837–1909),https://en.wikipedia.org/wiki/Benjamin_Johnson_Lang
Benjamin Koppel,Q817580,Danish musician (saxophonist),
Benjamín Orbón,Q16537332,,
Bernardino de Ribera,Q27999024,,
Bernhard Ziehn,Q826214,German-American music theorist,https://en.wikipedia.org/wiki/Bernhard_Ziehn
Bettina Walker,Q53032647,Irish pianist,https://en.wikipedia.org/wiki/Bettina_Walker
Bhavatharini,Q3536035,Indian singer,https://en.wikipedia.org/wiki/Bhavatharini
Billy Mayerl,Q369382,British musician (1902-1959),https://en.wikipedia.org/wiki/Billy_Mayerl
Blanche Lucas,Q110224410,,
Blaženka Arnič-Lemež,Q17402271,Slovene musician,
Boleslav Yavorsky,Q2471676,"Polish, Ukrainian and Russian musicologist (1877–1942)",https://en.wikipedia.org/wiki/Boleslav_Yavorsky
Boris Golovin,Q2910955,Russian singer-songwriter,https://en.wikipedia.org/wiki/Boris_Golovin
Boyd McDonald,Q4952364,Canadian musician,https://en.wikipedia.org/wiki/Boyd_McDonald_(composer)
Bryce Dessner,Q4980674,,https://en.wikipedia.org/wiki/Bryce_Dessner
Bryn Harrison,Q56599871,,https://en.wikipedia.org/wiki/Bryn_Harrison
Bujor Hoinic,Q63241779,Romanian pianist and conductor,https://en.wikipedia.org/wiki/Bujor_Hoinic
Byron Janis,Q1018612,American musician (1928–2024),https://en.wikipedia.org/wiki/Byron_Janis
Caleb Burhans,Q48302075,,https://en.wikipedia.org/wiki/Caleb_Burhans
Camille Pleyel,Q1630994,French musician,https://en.wikipedia.org/wiki/Camille_Pleyel
Camille-Marie Stamaty,Q1029284,French musician (1811–1870),https://en.wikipedia.org/wiki/Camille-Marie_Stamaty
Carl Attrup,Q19976216,Danish organist,
Carl Ferdinand Becker,Q553537,German organist and musicologist (1804–1877),https://en.wikipedia.org/wiki/Carl_Ferdinand_Becker
Carl Flesch,Q215739,"Hungarian violinist and teacher, 1873-1944",https://en.wikipedia.org/wiki/Carl_Flesch
Carl Friedberg,Q704340,German pianist (1872–1955),https://en.wikipedia.org/wiki/Carl_Friedberg
Carl Heymann,Q102608,German musician (1852–1922),https://en.wikipedia.org/wiki/Carl_Heymann
Carl Ludvig Hall,Q5783822,Swedish pianist (1814-1858),
Carl Tausig,Q636941,Polish pianist (1841–1871),https://en.wikipedia.org/wiki/Karl_Tausig
Carl Thomas Mozart,Q452098,eldest surviving son of Wolfgang Amadeus Mozart,https://en.wikipedia.org/wiki/Karl_Thomas_Mozart
Carl Wittrock,Q2285831,,https://en.wikipedia.org/wiki/Carl_Wittrock
Carles Casals i Ribes,Q11912376,(1852-1908),
Carlo Alessandro Landini,Q28688296,,https://en.wikipedia.org/wiki/Carlo_Alessandro_Landini
Carmelo Bernaola,Q2602845,Spanish musician (1929–2002),https://en.wikipedia.org/wiki/Carmelo_Bernaola
Carrie Burpee Shaw,Q112321804,American musician and music educator,https://en.wikipedia.org/wiki/Carrie_Burpee_Shaw
Carter Larsen,Q5047189,,https://en.wikipedia.org/wiki/Carter_Larsen
Celina Szymanowska,Q5058073,wife of Polish poet Adam Mickiewicz (1812–1855),https://en.wikipedia.org/wiki/Celina_Szymanowska
Cesare Sodero,Q4426737,Italian conductor (1886–1947),https://en.wikipedia.org/wiki/Cesare_Sodero
Cesare Zoilo,Q109265169,Italian musician who lived between the 16th and 17th centuries,
Charles Couperin,Q2187815,French organist,
Charles Edward Horsley,Q5077278,English musician (1822–1876),https://en.wikipedia.org/wiki/Charles_Edward_Horsley
Charles Hallé,Q65648,"pianist and conductor, founder of the Hallé orchestra (1819–1895)",https://en.wikipedia.org/wiki/Charles_Hallé
Charles Hambitzer,Q23675262,"American musician, teacher of George Gershwin (1878–1918)",https://en.wikipedia.org/wiki/Charles_Hambitzer
Charles Herbert Kitson,Q5078996,British musician,https://en.wikipedia.org/wiki/Charles_Herbert_Kitson
Charles Louis Maucourt,Q27995018,,
Charles Seeger,Q1066045,American musicologist (1886–1979),https://en.wikipedia.org/wiki/Charles_Seeger
Charlotte de Rothschild,Q5086211,French painter (1825-1899),https://en.wikipedia.org/wiki/Charlotte_de_Rothschild
Chen Gexin,Q5090768,Chinese musician (1914–1961),https://en.wikipedia.org/wiki/Chen_Gexin
Chris Brubeck,Q5106012,American musician,https://en.wikipedia.org/wiki/Chris_Brubeck
Chris McGregor,Q241496,South African musician,https://en.wikipedia.org/wiki/Chris_McGregor
Christian Henrik Glass,Q5109695,Danish musician,https://en.wikipedia.org/wiki/Christian_Henrik_Glass
Christian Schiefferdecker,Q134496073,,
Christina Nilsson,Q269812,Swedish operatic soprano (1843-1921),https://en.wikipedia.org/wiki/Christina_Nilsson
Christoph Raupach,Q19918353,,
Christopher Cerrone,Q19956843,,https://en.wikipedia.org/wiki/Christopher_Cerrone
Christopher Hogwood,Q435198,"English conductor, harpsichordist and musicologist (1941–2014)",https://en.wikipedia.org/wiki/Christopher_Hogwood
Christopher Tin,Q1087016,,https://en.wikipedia.org/wiki/Christopher_Tin
Claudio Abbado,Q151608,Italian conductor (1933–2014),https://en.wikipedia.org/wiki/Claudio_Abbado
Claudio Scimone,Q946461,Italian conductor (1934-2018),https://en.wikipedia.org/wiki/Claudio_Scimone
Clemens Krauss,Q78918,Austrian conductor and opera impresario (1893 - 1954),https://en.wikipedia.org/wiki/Clemens_Krauss
Clifford Curzon,Q961193,British musician (1907-1982),https://en.wikipedia.org/wiki/Clifford_Curzon
Conrad Abelard Fontova i Planes,Q47171122,Catalan pianist,
Conrad Baden,Q463920,Norwegian musician (1908-1989),https://en.wikipedia.org/wiki/Conrad_Baden
Conrad Bernier,Q5162484,Canadian musician,https://en.wikipedia.org/wiki/Conrad_Bernier
Conrad Nordqvist,Q6015904,Swedish conductor and musicologist,
Cristoforo Besozzi,Q5186476,Oboist and bassoonist,https://en.wikipedia.org/wiki/Cristoforo_Besozzi
Curt Sachs,Q57696,German musicologist (1881–1959),https://en.wikipedia.org/wiki/Curt_Sachs
Cyril Monk,Q24218440,(1882-1970) violinist,https://en.wikipedia.org/wiki/Cyril_Monk
D. J. Sparr,Q5203668,,https://en.wikipedia.org/wiki/D._J._Sparr
Dani Howard,Q58323066,,https://en.wikipedia.org/wiki/Dani_Howard
Daniel Doura,Q112675204,,https://en.wikipedia.org/wiki/Daniel_Doura
Daniel Hünten,Q869623,German musician (1760-1823),https://en.wikipedia.org/wiki/Daniel_Hünten
Daniel Kidane,Q105094067,,https://en.wikipedia.org/wiki/Daniel_Kidane
Daniel Piazzolla,Q55466598,,
Daniel Wohl,Q16221248,,https://en.wikipedia.org/wiki/Daniel_Wohl
Daníel Bjarnason,Q16199448,,https://en.wikipedia.org/wiki/Daníel_Bjarnason
Darius Brubeck,Q470227,American musician,https://en.wikipedia.org/wiki/Darius_Brubeck
David Pentecost,Q105161445,,https://en.wikipedia.org/wiki/David_Pentecost
David Tunley,Q5240519,Australian musicologist,https://en.wikipedia.org/wiki/David_Tunley
Deborah Holland,Q5248267,American musician,https://en.wikipedia.org/wiki/Deborah_Holland
Diana Ringo,Q110259959,,https://en.wikipedia.org/wiki/Diana_Ringo
Dinorá de Carvalho,Q539677,Brazilian musician,https://en.wikipedia.org/wiki/Dinorá_de_Carvalho
Dionys Pruckner,Q5279369,German pianist and music teacher (1834-1896),https://en.wikipedia.org/wiki/Dionys_Pruckner
Dionysis Savvopoulos,Q729101,Greek singer-songwriter (1944–2025),https://en.wikipedia.org/wiki/Dionysis_Savvopoulos
Dirk Janszoon Sweelinck,Q2528086,,
Diva Zappa,Q2319135,American artist and actress,https://en.wikipedia.org/wiki/Diva_Zappa
Domenico da Piacenza,Q588565,dancer,https://en.wikipedia.org/wiki/Domenico_da_Piacenza
Domenico Guami,Q120969703,,
Domenico Tritto,Q20890544,,
Donald Byrd,Q362764,American recording artist; jazz and rhythm & blues trumpeter and vocalist (1932–2013),https://en.wikipedia.org/wiki/Donald_Byrd
Donovan,Q317427,Scottish musician (born 1946),https://en.wikipedia.org/wiki/Donovan
Dorothea von Ertmann,Q1246313,German pianist,https://en.wikipedia.org/wiki/Dorothea_von_Ertmann
Dorothy Chang,Q63191323,,https://en.wikipedia.org/wiki/Dorothy_Chang
Du Yun,Q17385858,,https://en.wikipedia.org/wiki/Du_Yun
Dweezil Zappa,Q127548,American rock guitarist and actor,https://en.wikipedia.org/wiki/Dweezil_Zappa
E. Robert Schmitz,Q1273567,"Franco-American pianist, teacher, writer, and organizer (1889–1949)",https://en.wikipedia.org/wiki/E._Robert_Schmitz
Edmond Diet,Q55838259,,
Edmund Passy,Q6036803,Swedish musician and organist,
Eduard Conus,Q4232052,Russian pianist (1827-1902),
Eduard Flipse,Q927626,Dutch conductor (1896–1973),https://en.wikipedia.org/wiki/Eduard_Flipse
Eduard Hanslick,Q84246,Austrian musician and musicologist (1825–1904),https://en.wikipedia.org/wiki/Eduard_Hanslick
Eduard Marxsen,Q509843,German musician (1806–1887),https://en.wikipedia.org/wiki/Eduard_Marxsen
Eduard Steuermann,Q214108,American pianist of Jewish origin (1892–1964),https://en.wikipedia.org/wiki/Eduard_Steuermann
Eduard Zaritsky,Q54859811,,
Eduardo López-Chávarri,Q2013966,"Spanish conductor, musicologist and lawyer (1871–1970)",
Eduardo Mata,Q953007,Mexican musician (1942–1995),https://en.wikipedia.org/wiki/Eduardo_Mata
Edward Clark,Q5342308,English conductor,https://en.wikipedia.org/wiki/Edward_Clark_(conductor)
Edward Dannreuther,Q67963,German musician (1844–1905),https://en.wikipedia.org/wiki/Edward_Dannreuther
Edward Kilenyi,Q23675253,"American musician, teacher of George Gershwin",
Edward Shippen Barnes,Q5345314,American organist,https://en.wikipedia.org/wiki/Edward_Shippen_Barnes
Edward W. Hardy,Q51337607,,https://en.wikipedia.org/wiki/Edward_W._Hardy
Elise Wiel,Q67311932,,
Elliott Armen,Q124606116,,
Elmer Diktonius,Q969743,Finnish poet (1896-1961),https://en.wikipedia.org/wiki/Elmer_Diktonius
Elzéar Fortier,Q55670249,,
Emil Frey,Q1336074,Swiss musician (1889-1946),https://en.wikipedia.org/wiki/Emil_Frey_(composer)
Emil Kühnel,Q27824587,,
Emil Telmányi,Q155177,Hungarian violinist (1892–1988),https://en.wikipedia.org/wiki/Emil_Telmányi
Emily Howard,Q5372218,,https://en.wikipedia.org/wiki/Emily_Howard
Emma-Jean Thackray,Q100276313,"British Nu Jazz musician (trumpeter, electronics, composition, bandleader) and producer",https://en.wikipedia.org/wiki/Emma-Jean_Thackray
Engelbert Röntgen,Q1341962,German violinist and music educator (1829-1897),https://en.wikipedia.org/wiki/Engelbert_Röntgen
Engelbert Röntgen,Q22083447,Dutch cellist (1886-1958),
Enrique Muñoz Rubio,Q6429875,Spanish professor,
Erhard Karkoschka,Q320230,German musician (1923-2009),https://en.wikipedia.org/wiki/Erhard_Karkoschka
Erich Kleiber,Q78527,Austrian conductor (1890–1956),https://en.wikipedia.org/wiki/Erich_Kleiber
Erik Drake,Q5624380,Swedish writer and musicologist (1788-1870),
"Ernest Louis, Landgrave of Hesse-Darmstadt",Q504498,landgrave (1667-1739),"https://en.wikipedia.org/wiki/Ernest_Louis,_Landgrave_of_Hesse-Darmstadt"
Ernst Richter,Q64426,German musical theorist (1808–1879),https://en.wikipedia.org/wiki/Ernst_Richter
Eugène-Philippe Bellenot,Q51439467,(1860-1928),
Fabrizio II Gesualdo,Q107920966,1537 - 1593,
Farinelli,Q223744,Italian singer (1705-1782),https://en.wikipedia.org/wiki/Farinelli
Feodor Koenemann,Q2035291,Russian musician (1873-1937),https://en.wikipedia.org/wiki/Feodor_Koenemann
"Ferdinand III, Holy Roman Emperor",Q150575,Emperor of the Holy Roman Empire (1608-1657),"https://en.wikipedia.org/wiki/Ferdinand_III,_Holy_Roman_Emperor"
Fernande Peyrot,Q27868651,(1888-1978),
Fernando Germani,Q1150470,Italian musician (1906-1998),https://en.wikipedia.org/wiki/Fernando_Germani
Finn Mortensen,Q5450655,Norwegian musician,https://en.wikipedia.org/wiki/Finn_Mortensen
Floriano Maria Arresti,Q2152778,,
Francesc Antich Carbonell,Q47005320,,
Francesco Salieri,Q94802201,brother of Antonio Salieri,
Francis Korbay,Q5481644,Hungarian musician,https://en.wikipedia.org/wiki/Francis_Korbay
Francisco Casanovas Tallardá,Q3038202,Spanish musician (1899-1986),https://en.wikipedia.org/wiki/Francisco_Casanovas
Francisco Escudero,Q139453,Spanish musician (1912-2002),https://en.wikipedia.org/wiki/Francisco_Escudero_(composer)
Francisco Zumaque,Q1442250,Colombian musician,https://en.wikipedia.org/wiki/Francisco_Zumaqué
Frank Marshall,Q4283267,"Spanish pianist, componist and pedagogue (1883–1959)",https://en.wikipedia.org/wiki/Frank_Marshall_(pianist)
František Blažek,Q4087939,musician (1814–1900),
Franz Seraph Cramer,Q38225696,,
Franz Xaver Gruber,Q1449619,Austrian writer (1826–1871),
Franziska Pixis,Q18020256,German mezzo-soprano,https://en.wikipedia.org/wiki/Francilla_Pixis
François Benoist,Q1450915,French musician (1794–1878),https://en.wikipedia.org/wiki/François_Benoist
François Couperin the elder,Q14941902,"French harpsichordist, organist and viol player",
François Dauverné,Q967442,French musician (1799-1874),https://en.wikipedia.org/wiki/François_Dauverné
François Habeneck,Q957041,French violinist and conductor (1781-1849),https://en.wikipedia.org/wiki/François_Habeneck
Fred Hersch,Q1375402,American jazz pianist,https://en.wikipedia.org/wiki/Fred_Hersch
Frederick Swann,Q5498811,American musician,https://en.wikipedia.org/wiki/Frederick_Swann
Fridtjof Backer-Grøndahl,Q1793119,Norwegian musician (1885–1959),https://en.wikipedia.org/wiki/Fridtjof_Backer-Grøndahl
Friedelind Wagner,Q70091,German opera director (1918–1991),https://en.wikipedia.org/wiki/Friedelind_Wagner
Friedrich Benda,Q86711,German musician (1745-1814),https://en.wikipedia.org/wiki/Friedrich_Benda
Friedrich Wieck,Q440809,"German piano teacher, music critic and music educator (1785-1873)",https://en.wikipedia.org/wiki/Friedrich_Wieck
Friedrich Wilhelm Pixis,Q1463154,German violinist (1785-1842),https://en.wikipedia.org/wiki/Friedrich_Wilhelm_Pixis
Fritz Reiner,Q364179,Hungarian American orchestra conductor (1888–1963),https://en.wikipedia.org/wiki/Fritz_Reiner
Fritz Steinbach,Q70648,German conductor (1855–1916),https://en.wikipedia.org/wiki/Fritz_Steinbach
Fritz Zweig,Q214915,"conductor, pianist and musicologist (1893-1984)",https://en.wikipedia.org/wiki/Fritz_Zweig
Frédéric Blanc,Q1471456,French organist,https://en.wikipedia.org/wiki/Frédéric_Blanc
Frédéric Ledroit,Q95464819,French organist,
Félix Pardon,Q25421497,,
Félix Rault,Q4395043,,
Gabriela Montero,Q266894,,https://en.wikipedia.org/wiki/Gabriela_Montero
Gavin Higgins,Q102248055,,https://en.wikipedia.org/wiki/Gavin_Higgins
Geeta Sarabhai,Q16467670,Indian musician,https://en.wikipedia.org/wiki/Gita_Sarabhai
Georg Christoph Biller,Q316683,German conductor,https://en.wikipedia.org/wiki/Georg_Christoph_Biller
Georg Christoph Kellner,Q94876061,,
Georg Jacob Vollweiler,Q15450999,German musician and teacher,https://en.wikipedia.org/wiki/Georg_Jacob_Vollweiler
Georg Liebling,Q5535746,German musician,https://en.wikipedia.org/wiki/Georg_Liebling
Georg Schönberg,Q20644304,son of Arnold Schönberg,
Georg Solti,Q128085,Hungarian-British conductor (1912–1997),https://en.wikipedia.org/wiki/Georg_Solti
George Korngold,Q5541418,Austrian-American record producer (1928-1987),https://en.wikipedia.org/wiki/George_Korngold
George Linstead,Q5541753,British musician (1908-1974),https://en.wikipedia.org/wiki/George_Linstead
Giacomo Insanguine,Q927177,Italian musician (1728–1795),https://en.wikipedia.org/wiki/Giacomo_Insanguine
Giampaolo Bracali,Q105388404,,
Gina Bachauer,Q263697,Greek pianist,https://en.wikipedia.org/wiki/Gina_Bachauer
Giovanni Andrea Bontempi,Q875506,Italian singer and music historian,https://en.wikipedia.org/wiki/Giovanni_Andrea_Bontempi
Giovanni Antonio Riccieri,Q11924259,,
Giovanni Battista Mancini,Q1525889,"Italian soprano castrato, voice teacher and author of books on singing",https://en.wikipedia.org/wiki/Giovanni_Battista_Mancini
Giovanni Battista Tibaldi,Q1525931,,
Giovanni Battista Vivaldi,Q1525940,Italian violinist,
Giovanni Domenico Rognoni Taeggio,Q17520384,,
Giuseppe Luigini,Q20002617,,
Glukhovtsev Oleksiy Stepanovich,Q107565256,,
Gordon Watson,Q16014538,Australian classical pianist and teacher,https://en.wikipedia.org/wiki/Gordon_Watson_(pianist)
Gottfried Heinrich Bach,Q710996,Son of Johann Sebastian Bach,https://en.wikipedia.org/wiki/Gottfried_Heinrich_Bach
Grace-Evangeline Mason,Q57915803,,https://en.wikipedia.org/wiki/Grace-Evangeline_Mason
Gretchen Osgood Warren,Q5607708,American poet (1868-1961),https://en.wikipedia.org/wiki/Gretchen_Osgood_Warren
Gribovitj-Bresjinskij Stepan Grigorovitj,Q112028276,,
Grzegorz Fitelberg,Q983103,Polish musician (1879–1953),https://en.wikipedia.org/wiki/Grzegorz_Fitelberg
Guido Adler,Q78716,Moravianian-Austrian musicologist and writer (1855–1941),https://en.wikipedia.org/wiki/Guido_Adler
Guilelmus Formellis,Q105482930,,
Gunno Södersten,Q6202243,,
Gustav Lange,Q1556142,Norwegian musician (1861–1939),https://en.wikipedia.org/wiki/Gustav_Fredrik_Lange
Gustav Leonhardt,Q51584,"Dutch keyboard player, conductor, musicologist, teacher and editor (1928–2012)",https://en.wikipedia.org/wiki/Gustav_Leonhardt
Gyan Riley,Q26720870,American guitarist,https://en.wikipedia.org/wiki/Gyan_Riley
György Ferenczy,Q1000563,pianist,
György Kurtág Jr.,Q24951657,Hungarian musician,
György Sándor,Q1347757,Hungarian musician (1912–2005),https://en.wikipedia.org/wiki/György_Sándor
Gábor Esterházy,Q991486,Hungarian general (1673-1704),https://en.wikipedia.org/wiki/Gábor_Esterházy_(1673–1704)
Géza Wehner,Q65768922,"(1888–1947) organist, music pedagogue, componist",
Hans Georg Benda,Q1579710,Czech musician (1686-1757),
Hans Georg Hinderberger,Q77598534,,
Hans Jacob Tengwall,Q19976112,,
Hans Knappertsbusch,Q57425,German musician (1888-1965),https://en.wikipedia.org/wiki/Hans_Knappertsbusch
Hans Lange,Q90873,German musician (1884-1960),https://en.wikipedia.org/wiki/Hans_Lange_(conductor)
Harold O'Neal,Q5661896,,https://en.wikipedia.org/wiki/Harold_O'Neal
Harold Samuel,Q3127638,British musician (1879–1937),https://en.wikipedia.org/wiki/Harold_Samuel
Heinrich Gebhard,Q4134642,German-American musician (1878–1963),https://en.wikipedia.org/wiki/Heinrich_Gebhard
Heinrich Jalowetz,Q4537431,Austrian musicologist (1882-1946),https://en.wikipedia.org/wiki/Heinrich_Jalowetz
Heinrich Praeger,Q3129505,,
Heinrich van Eyken,Q19999271,,
Heinrich Vogl,Q5308807,Royal Bavarian court opera and chamber singer (1845-1900),https://en.wikipedia.org/wiki/Heinrich_Vogl
Helena Ottawowa,Q47166018,Polish pianist,
Helena Sá e Costa,Q10294470,Portuguese pianist (1913–2006),https://en.wikipedia.org/wiki/Helena_Sá_e_Costa
Helmut Walcha,Q133677,German organist (1907–1991),https://en.wikipedia.org/wiki/Helmut_Walcha
Heniot Levy,Q5714431,American musician (1879-1945),https://en.wikipedia.org/wiki/Heniot_Levy
Henri Gagnon,Q784771,Canadian musician (1887-1961),https://en.wikipedia.org/wiki/Henri_Gagnon
Henrik Lund,Q2288473,"Greenlandic Lutheran pastor, poet, painter, and author of Greenland's national anthem (1875-1948)",https://en.wikipedia.org/wiki/Henning_Jakob_Henrik_Lund
Henryk Sztompka,Q2462306,Polish pianist (1901-1964),https://en.wikipedia.org/wiki/Henryk_Sztompka
Hermann Abendroth,Q57500,German conductor (1883-1956),https://en.wikipedia.org/wiki/Hermann_Abendroth
Hermann Keller,Q98765,"German church musician, musicologist and music educator (1885–1967)",https://en.wikipedia.org/wiki/Hermann_Keller
Hermann Scherchen,Q60174,German conductor (1891–1966),https://en.wikipedia.org/wiki/Hermann_Scherchen
Hilda Thegerström,Q4982446,Swedish pianist,https://en.wikipedia.org/wiki/Hilda_Thegerström
Hippolyte François Rabaud,Q11925701,,
Hjalmar Berwald,Q5574604,(1848-1930),
Holger Czukay,Q699355,"German bass-guitarist and co-founder of ""Can"" (1938-2017)",https://en.wikipedia.org/wiki/Holger_Czukay
Holger Fransman,Q780267,"Finnish musician, lecturer, author and hornist (1909–1997)",
Hryhoriĭ Mytrofanovych Davydovsʹkyĭ,Q12099330,(1866-1952),
Hubert Léonard,Q1192120,Belgian musician (1819-1890),https://en.wikipedia.org/wiki/Hubert_Léonard
Hugo Riemann,Q213539,German musicologist (1849-1919),https://en.wikipedia.org/wiki/Hugo_Riemann
Humfrey Anger,Q5940753,Canadian music educator (1862-1913),https://en.wikipedia.org/wiki/Humfrey_Anger
Hyacinthe Klosé,Q1354755,French musician (1808–1880),https://en.wikipedia.org/wiki/Hyacinthe_Klosé
Hèctor Parra,Q54932704,,https://en.wikipedia.org/wiki/Hèctor_Parra
Héloïse Werner,Q106939266,,https://en.wikipedia.org/wiki/Héloïse_Werner
Ika Peyron,Q1195141,Swedish musician (1845-1922),https://en.wikipedia.org/wiki/Ika_Peyron
Ilya Semyonovich Aisberg,Q16691491,Russian musician (1868-1942),
Ina Lohr,Q4266956,Dutch musicologist (1903-1983),https://en.wikipedia.org/wiki/Ina_Lohr
Ingemar Liljefors,Q1263724,Swedish musician (1906–1981),https://en.wikipedia.org/wiki/Ingemar_Liljefors
Ingvar Wieslander,Q6240680,,
Innozenz Danzi,Q26243656,"cellist, approximately 1730-1798",
Iris Azquinezer,Q137847593,,
Isabelle Delorme,Q1673631,Canadian musician (1900-1991),https://en.wikipedia.org/wiki/Isabelle_Delorme
Ismayil Hajiyev,Q6084980,Azerbaijani musician,https://en.wikipedia.org/wiki/Ismayil_Hajiyev
István Thomán,Q375024,"(1862–1940 classical pianist, piano teacher",https://en.wikipedia.org/wiki/István_Thomán
Ivan Iusco,Q3804715,,https://en.wikipedia.org/wiki/Ivan_Iusco
Jacob Beimel,Q58811025,hazzan (1875–1944),
Jacob Mühlrad,Q19977049,,https://en.wikipedia.org/wiki/Jacob_Mühlrad
Jacob Praetorius the Elder,Q71963,German musician,https://en.wikipedia.org/wiki/Jacob_Praetorius_the_Elder
Jacques Gregoir,Q6120636,Belgian musician,https://en.wikipedia.org/wiki/Jacques_Gregoir
Jacques Moderne,Q547935,French music publisher,https://en.wikipedia.org/wiki/Jacques_Moderne
Jacques-Michel Hurel de Lamare,Q3158025,French cellist,https://en.wikipedia.org/wiki/Jacques-Michel_Hurel_de_Lamare
Jacques-Nicolas Lemmens,Q712718,Belgian musician (1823–1881),https://en.wikipedia.org/wiki/Jacques-Nicolas_Lemmens
Jakob Adlung,Q70417,organist,https://en.wikipedia.org/wiki/Jakob_Adlung
Jakub Jan Ryba,Q95401287,,
James Kwast,Q67425,Dutch-German pianist (1852–1927),https://en.wikipedia.org/wiki/James_Kwast
James McCartney,Q498390,British musician (born 1977),https://en.wikipedia.org/wiki/James_McCartney
James Whitbourn,Q1099564,,https://en.wikipedia.org/wiki/James_Whitbourn
James William Davison,Q17308940,British journalist (1813-1885),https://en.wikipedia.org/wiki/James_William_Davison
Jan Hřímalý,Q1363375,Czech musician (1844–1915),https://en.wikipedia.org/wiki/Jan_Hřímalý
Jan Nepomucen Bobrowicz,Q554209,Polish musician (1805–1881),https://en.wikipedia.org/wiki/Jan_Nepomucen_Bobrowicz
Jane Antonia Cornish,Q18704997,,https://en.wikipedia.org/wiki/Jane_Antonia_Cornish
Jansug Kakhidze,Q2663466,Soviet and Georgian conductor (1936–2002),https://en.wikipedia.org/wiki/Jansug_Kakhidze
Jaroslav Ušák,Q95151577,,
Jasmine Arielle Barnes,Q135219165,,https://en.wikipedia.org/wiki/Jasmine_Arielle_Barnes
Jean Louël,Q2101175,"Belgian conductor, pianist and musicologist (1914–2005)",
Jean Rousseau,Q726157,French musician,https://en.wikipedia.org/wiki/Jean_Rousseau_(violist)
Jean Schucht,Q55899757,,
Jean-Delphin Alard,Q633796,French musician (1815–1888),https://en.wikipedia.org/wiki/Jean-Delphin_Alard
Jean-Louis Florentz,Q1684969,,https://en.wikipedia.org/wiki/Jean-Louis_Florentz
Jean-Pierre Duport,Q288566,French cellist,https://en.wikipedia.org/wiki/Jean-Pierre_Duport
Jeanne Bovet,Q78318608,Swiss classical pianist,
Jeanne Joulain,Q3176081,French organist (1920-2010),https://en.wikipedia.org/wiki/Jeanne_Joulain
Jennifer Thomas,Q23409810,,https://en.wikipedia.org/wiki/Jennifer_Thomas_(pianist)
Jens Bugge Olsen,Q139646703,in prison during WWII (1895–1985),
Jeremy Panufnik,Q118183704,British musician and DJ,
Jessie Montgomery,Q62113600,,https://en.wikipedia.org/wiki/Jessie_Montgomery
Joan Baptista  Pujol,Q2025221,"Catalan pianist, componist and music pedagogue (1835-1898)",https://en.wikipedia.org/wiki/Joan_Baptista_Pujol
Johan Alfred Ahlström,Q5544287,,
Johann Ambrosius Bach,Q309470,"German musician, father to Johann Sebastian Bach (1645-1695)",https://en.wikipedia.org/wiki/Johann_Ambrosius_Bach
Johann Buwa,Q16628137,,
Johann Christian Gebauer,Q1981832,Danish musician (1808-1884),https://en.wikipedia.org/wiki/Johan_Christian_Gebauer
Johann Gottfried Bernhard Bach,Q470198,"German organist, child of J. S. Bach",https://en.wikipedia.org/wiki/Johann_Gottfried_Bernhard_Bach
Johann Gottfried Schuncke,Q1535500,,
Johann Konrad Schlick,Q41547791,German cellist,
Johann Kusser st.,Q26196723,,
Johann Michael Bach,Q119269384,,
Johann van Beethoven,Q2153541,father of Ludwig van Beethoven,https://en.wikipedia.org/wiki/Johann_van_Beethoven
Johann Walter,Q94936027,,
Johannes Bonadies,Q20002684,,
John Eliot Gardiner,Q160325,English conductor,https://en.wikipedia.org/wiki/John_Eliot_Gardiner
John Hill Hewitt,Q1700464,"American songwriter, playwright and poet (1801–1890)",https://en.wikipedia.org/wiki/John_Hill_Hewitt
John Maxwell Geddes,Q52476439,,https://en.wikipedia.org/wiki/John_Maxwell_Geddes
John Valentine,Q6261721,British musician,https://en.wikipedia.org/wiki/John_Valentine_(composer)
John Woods Duke,Q6264840,American musician (1899–1984),https://en.wikipedia.org/wiki/John_Woods_Duke
Jonathan Leshnoff,Q3470341,,https://en.wikipedia.org/wiki/Jonathan_Leshnoff
Josef Dachs,Q679496,Austrian musician (1825–1896),https://en.wikipedia.org/wiki/Josef_Dachs
Josef Doppler,Q94921482,Austrian military bandmaster (1791-1869),
Josef Gänsbacher,Q1704713,"Austrian musician, jurist and music educator (1829–1911)",https://en.wikipedia.org/wiki/Josef_Gänsbacher
Josef Hellmesberger,Q524466,Austrian musician (1855–1907),https://en.wikipedia.org/wiki/Joseph_Hellmesberger_Jr.
Josef Neruda,Q3072640,Czech music educator and organist (1807-1875),https://en.wikipedia.org/wiki/Josef_Neruda
Josef Proksch,Q959789,Czech music educator and pianist,https://en.wikipedia.org/wiki/Josef_Proksch
Josef Suk,Q90280583,b. 1901 d. 1951,
Josep Llobet i Terricabres,Q73798211,,
Josep Vicent Bàguena i Soler,Q16173468,,
Joseph Barnby,Q5566022,British musician (1838-1896),https://en.wikipedia.org/wiki/Joseph_Barnby
Joseph Franz Weigl,Q713253,Austrian cellist,https://en.wikipedia.org/wiki/Joseph_Franz_Weigl
"Joseph I, Holy Roman Emperor",Q152480,Emperor from 1705 till his death in 1711,"https://en.wikipedia.org/wiki/Joseph_I,_Holy_Roman_Emperor"
Joseph Reveyron,Q3185554,French classical organist (1917–2005),
Joseph von Blumenthal,Q3182017,Austrian musician,https://en.wikipedia.org/wiki/Joseph_von_Blumenthal
Josepha Duschek,Q12026918,Czech opera singer,https://en.wikipedia.org/wiki/Josepha_Duschek
Josephine Camille O'Meara,Q45825712,French pianist (1828-1907),
Jost Michaels,Q124239,German clarinetist and music educator (1922–2004),
José Miró i Anoria,Q20004429,Spanish pianist (1815-1878),
João de Freitas Branco,Q10312486,Portuguese writer (1922-1989),
Juan Bautista Plaza,Q346562,Venezuelan musician (1898–1965),https://en.wikipedia.org/wiki/Juan_Bautista_Plaza
Judd Greenstein,Q16201890,,https://en.wikipedia.org/wiki/Judd_Greenstein
Julia Adolphe,Q39506763,,https://en.wikipedia.org/wiki/Julia_Adolphe
Julian Lloyd Webber,Q319434,British solo cellist and conductor,https://en.wikipedia.org/wiki/Julian_Lloyd_Webber
Julio Estrada,Q346908,Mexican musician,https://en.wikipedia.org/wiki/Julio_Estrada_(composer)
Julius Buths,Q325295,German musician,https://en.wikipedia.org/wiki/Julius_Buths
Julius Epstein,Q79036,Croatian-Austrian pianist,https://en.wikipedia.org/wiki/Julius_Epstein_(pianist)
Julius Ernst Christian Johannsen,Q4202624,Danish music pedagogue,
Julius Klengel,Q77222,German musician (1859-1933),https://en.wikipedia.org/wiki/Julius_Klengel
Julius Rietz,Q63745,German musician (1812–1877),https://en.wikipedia.org/wiki/Julius_Rietz
Just Riddervold Lindeman,Q56760532,,
Karel Knittl,Q12028321,Czech conductor and music educator (1853-1907),
Karel Ondříček,Q4334843,Czech violinist (1863–1943),https://en.wikipedia.org/wiki/Karel_Ondříček
Karel Stecker,Q3646534,,
Karl Heinrich Barth,Q64926,German musician (1847–1922),https://en.wikipedia.org/wiki/Karl_Heinrich_Barth
Karl Mathias Rott,Q1732314,Austrian actor (1807–1876),
Karl Pohlig,Q560632,German conductor (1864–1928),https://en.wikipedia.org/wiki/Karl_Pohlig
Karl Straube,Q61693,German organist and choral conductor (1873–1950),https://en.wikipedia.org/wiki/Karl_Straube
Karoly Noszeda,Q104601003,,
Kay Westermann,Q95347778,,
Kazimierz Wiłkomirski,Q549550,Polish musician (1900-1995),https://en.wikipedia.org/wiki/Kazimierz_Wiłkomirski
Kellow John Pye,Q64995944,,
Kenneth Hesketh,Q6390207,,https://en.wikipedia.org/wiki/Kenneth_Hesketh
Ketil Hvoslef,Q1778196,Norwegian musician,
Kim André Arnesen,Q18171888,,https://en.wikipedia.org/wiki/Kim_André_Arnesen
Kit Lambert,Q2915395,"British record producer, record label owner, and the manager of The Who",https://en.wikipedia.org/wiki/Kit_Lambert
Klaus Pringsheim,Q96985,German musician (1883-1972),https://en.wikipedia.org/wiki/Klaus_Pringsheim_Sr.
Knut Bäck,Q5600153,Swedish pianist (1868-1953),
Kálmán Oláh,Q18223271,Hungarian pianist,
Károly Huber,Q1056144,(1828–1885),
Lazare Lévy,Q941939,French classical pianist (1882–1964),https://en.wikipedia.org/wiki/Lazare_Lévy
Leo Funtek,Q2988892,"Slovenian-born violinist, conductor, arranger and professor (1885-1965)",https://en.wikipedia.org/wiki/Leo_Funtek
Leon Firšt,Q55432435,Slovene musician,
Leonid Nikolayev,Q2023778,Russian musician (1878–1942),https://en.wikipedia.org/wiki/Leonid_Nikolayev_(pianist)
Leopold Carl Wolf,Q94821008,,
"Leopold I, Holy Roman Emperor",Q150494,"Holy Roman Emperor (1658-1705), King of Hungary and Croatia and King of Bohemia (1640–1705)","https://en.wikipedia.org/wiki/Leopold_I,_Holy_Roman_Emperor"
Lev Oborin,Q644483,Soviet musician (1907-1974),https://en.wikipedia.org/wiki/Lev_Oborin
Leó Popper,Q1239198,painter (1886-1911),
Lili Kraus,Q465256,Hungarian born English classical pianist (1903–1986),https://en.wikipedia.org/wiki/Lili_Kraus
Liliane Nystroem,Q4970635,Swedish artist,
Lindsay Cooper,Q292506,English musician (1951–2013),https://en.wikipedia.org/wiki/Lindsay_Cooper
Lindsay Sloper,Q22815464,English pianist and music teacher,https://en.wikipedia.org/wiki/Lindsay_Sloper
Lionel Tertis,Q718637,British musician (1876–1975),https://en.wikipedia.org/wiki/Lionel_Tertis
Louis Feuillard,Q4494200,French cellist (1872-1941),https://en.wikipedia.org/wiki/Louis_Feuillard
Louis Fourestier,Q433480,French conductor (1892-1976),https://en.wikipedia.org/wiki/Louis_Fourestier
Louis Homilius,Q1605392,Russian organist (1845-1908),
Louis Pabst,Q4341199,pianist (1846–1921),
Louis Thiry,Q1872001,French musician (1935-2019),https://en.wikipedia.org/wiki/Louis_Thiry
Louis-Pierre Norblin,Q2477161,French cellist and music teacher,https://en.wikipedia.org/wiki/Louis-Pierre_Norblin
Lourenço Ribeiro,Q28678230,,
Lucien Garban,Q16635752,French musician and musicologist,https://en.wikipedia.org/wiki/Lucien_Garban
Lucy Armstrong,Q58333599,,https://en.wikipedia.org/wiki/Lucy_Armstrong
Ludovit Rajter starsi,Q25360437,,
Luigi Mancinelli,Q2754918,Italian orchestral conductor (1848–1921),https://en.wikipedia.org/wiki/Luigi_Mancinelli
Luigi Piccinni,Q6048751,,
Luigi Torchi,Q3840209,Italian musicologist (1858–1920),https://en.wikipedia.org/wiki/Luigi_Torchi_(musician)
Luis Bernardo Jalón,Q107212436,,
Luke Winslow-King,Q21285662,"American singer-songwriter, guitarist and bandleader",https://en.wikipedia.org/wiki/Luke_Winslow-King
László Erkel,Q289763,Hungarian pianist and conductor (1845-1896),
László Gyimesi,Q15452169,(1948-) classical pianist,https://en.wikipedia.org/wiki/László_Gyimesi_(pianist)
Majella Stockhausen,Q94736781,German musician,
Man-Ching Donald Yu,Q6746097,,https://en.wikipedia.org/wiki/Man-Ching_Donald_Yu
Manon Gropius,Q85259,Austrian artistic muse (1916-1935),https://en.wikipedia.org/wiki/Manon_Gropius
Mansour Awad,Q131593251,Egyptian cmposser,
Manuel Ansola Unzueta,Q135580026,Spanish organist (1883-1971),
Marcel Khalife,Q1346218,Lebanese musician,https://en.wikipedia.org/wiki/Marcel_Khalife
Marcelo Settimio,Q114942296,,
Marcus Boldemann,Q15845355,Swedish journalist,
Margaret Hamerik,Q6759483,Danish musician,https://en.wikipedia.org/wiki/Margaret_Hamerik
Marguerite-Antoinette Couperin,Q2870861,French harpsichordist,https://en.wikipedia.org/wiki/Marguerite-Antoinette_Couperin
Maria Carratalà i Van den Wouver,Q11935425,Spanish musician,https://en.wikipedia.org/wiki/Maria_Carratalà_i_Van_den_Wouver
Marie-Claire Alain,Q237139,French organist and organ teacher (1926–2013),https://en.wikipedia.org/wiki/Marie-Claire_Alain
Marin Goleminov,Q1356380,Bulgarian musician (1908–2000),https://en.wikipedia.org/wiki/Marin_Goleminov
Marina Scriabine,Q957777,French musicologist (1911–1998),https://en.wikipedia.org/wiki/Marina_Scriabina
Mario Labroca,Q11935556,,
Marios Joannou Elia,Q694777,,https://en.wikipedia.org/wiki/Marios_Joannou_Elia
Mark Hambourg,Q1900092,British musician (1879-1960),https://en.wikipedia.org/wiki/Mark_Hambourg
Markos Alexiou,Q109356509,Greek pianist,
Marmaduke Barton,Q6772034,English pianist,https://en.wikipedia.org/wiki/Marmaduke_Barton
Martha von Flotow,Q101761654,,
Martin Friedrich Cannabich,Q3295425,,
Martin Krause,Q214019,German musician (1853-1918),https://en.wikipedia.org/wiki/Martin_Krause
Martin Pierre Marsick,Q1356601,Belgian musician (1847-1924),https://en.wikipedia.org/wiki/Martin_Pierre_Marsick
María Grever,Q1645018,"Mexican-American musician, songwriter, conductor",https://en.wikipedia.org/wiki/María_Grever
Mathias Haydn,Q5476105,Austrian wheelwright,https://en.wikipedia.org/wiki/Mathias_Haydn
Mathilde Marchesi,Q437075,German mezzo-soprano and singing teacher (1821-1913),https://en.wikipedia.org/wiki/Mathilde_Marchesi
Mathilde Verne,Q1908732,English pianist (1865-1936),https://en.wikipedia.org/wiki/Mathilde_Verne
Mauro Godoy-Villalobos,Q5762359,,
Max Rudolf,Q63560,German conductor (1902-1995),https://en.wikipedia.org/wiki/Max_Rudolf_(conductor)
Maxmilian Koblížek,Q95071503,,
Mercer Ellington,Q492677,American musician (1919–1996),https://en.wikipedia.org/wiki/Mercer_Ellington
Michael Jeffrey Shapiro,Q4520209,,https://en.wikipedia.org/wiki/Michael_Jeffrey_Shapiro
Michael Matthews,Q1928552,,https://en.wikipedia.org/wiki/Michael_Matthews_(composer)
Michael Pärt,Q6833651,Estonian record producer and music editor (born 1977),https://en.wikipedia.org/wiki/Michael_Pärt
Michel Ciry,Q3309277,French painter (1919–2018),
Michel Perrault,Q6836519,Canadian musician,https://en.wikipedia.org/wiki/Michel_Perrault
Michele Giuliani,Q4160549,,
Mieczysław Ziółkowski,Q124207659,,
Miguel Galiana Folqués,Q47355565,,
Miklós Malek,Q258985,music producer,https://en.wikipedia.org/wiki/Miklós_Malek_(musician)
Miklós Rékai,Q113351047,Hungarian harpist (1906-1959),
Missy Mazzoli,Q6879955,,https://en.wikipedia.org/wiki/Missy_Mazzoli
Miu Sakamoto,Q3548289,Japanese musician,https://en.wikipedia.org/wiki/Miu_Sakamoto
Moon Zappa,Q291024,"American singer, and actress.",https://en.wikipedia.org/wiki/Moon_Zappa
Moritz Schön,Q59327572,(1808–1885),
Moriz Rosenthal,Q213772,Polish pianist,https://en.wikipedia.org/wiki/Moriz_Rosenthal
Morris Goldenberg,Q67936030,American musician (1911-1969),https://en.wikipedia.org/wiki/Morris_Goldenberg
Mstislav Rostropovich,Q152043,Soviet and Russian cellist and conductor (1927-2007),https://en.wikipedia.org/wiki/Mstislav_Rostropovich
Nancy Storace,Q2609096,English operatic soprano (1765-1817),https://en.wikipedia.org/wiki/Nancy_Storace
Narciso Yepes,Q436169,Spanish classical guitarist (1927–1997),https://en.wikipedia.org/wiki/Narciso_Yepes
Natalie Curtis,Q243072,American ethnomusicologist (1875–1921),https://en.wikipedia.org/wiki/Natalie_Curtis
Nathan Milstein,Q434055,American musician (1902–1992),https://en.wikipedia.org/wiki/Nathan_Milstein
Nicolas Couperin,Q2171427,French organist,
Nicolò Massa,Q100139495,Italian author and piano player (1854-1894),
Nikki Iles,Q1990366,British musician,https://en.wikipedia.org/wiki/Nikki_Iles
Nikolai Zverev,Q553959,Russian classical pianist (1833–1893),https://en.wikipedia.org/wiki/Nikolai_Zverev
"Nikolaus, Count Esterházy",Q570237,Hungarian noble (1583-1645),"https://en.wikipedia.org/wiki/Nikolaus,_Count_Esterházy"
Nikos Drelas,Q110184717,Greek musician,
Nils Eriksson,Q5717030,musician (1902-1978),
Nimrod Borenstein,Q16199874,,https://en.wikipedia.org/wiki/Nimrod_Borenstein
Norah Jones,Q549981,American musician (born 1979),https://en.wikipedia.org/wiki/Norah_Jones
Odile Pierre,Q674655,French organist (1932–2020),https://en.wikipedia.org/wiki/Odile_Pierre
Oleksandr Rodin,Q112281417,,https://en.wikipedia.org/wiki/Oleksandr_Rodin
Olivier Bernard,Q3350822,French pianist (1925–2019),
Omer Létourneau,Q2023310,Canadian musician (1891-1983),https://en.wikipedia.org/wiki/Omer_Létourneau
Oskar Sala,Q84647,German musician (1910–2002),https://en.wikipedia.org/wiki/Oskar_Sala
Otakar Ševčík,Q726973,Czech violinist (1852–1934),https://en.wikipedia.org/wiki/Otakar_Ševčík
Ottavio Catalani,Q20006143,Italian musician,
Otto Daniel Winge,Q6244182,Swedish pianist (1810-1886),
Otto Kitzler,Q2039537,German conductor (1834–1915),https://en.wikipedia.org/wiki/Otto_Kitzler
Ozias Thurston Linley,Q7116574,English academic and organist,https://en.wikipedia.org/wiki/Ozias_Thurston_Linley
Pantaléon Battu,Q27995024,,
Paolo Serrao,Q1670362,Italian musician (1830-1907),https://en.wikipedia.org/wiki/Paolo_Serrao
Patrick Cassidy,Q729096,,https://en.wikipedia.org/wiki/Patrick_Cassidy_(composer)
Patrick Hawes,Q7146675,,https://en.wikipedia.org/wiki/Patrick_Hawes
Paul Berthier,Q3370629,French musician (1884–1953),https://en.wikipedia.org/wiki/Paul_Berthier
Paul de Conne,Q4230337,"Russian concert pianist and piano teacher, pupil of Anton Rubinstein",
Paul Hellmuth,Q7151231,Danish musician (1879-1919),https://en.wikipedia.org/wiki/Paul_Hellmuth
Paul Steinitz,Q954386,British musician (1909–1988),https://en.wikipedia.org/wiki/Paul_Steinitz
Pavel Klusák,Q12044117,"Czech music reviewer, music publicist and scriptwriter",
Pavel Zinovyev,Q4192221,,
Pedro Albéniz,Q351442,Spanish musician (1795-1855),https://en.wikipedia.org/wiki/Pedro_Albéniz
Pedro Fernández de Castilleja,Q24942922,,
Peeter Volkonski,Q984281,Estonian singer (born 1954),https://en.wikipedia.org/wiki/Peeter_Volkonski
Per Ulrik Stenhammar,Q6189113,Swedish architect (1829–1875),
Per Winge,Q4111482,Norwegian conductor (1858-1935),https://en.wikipedia.org/wiki/Per_Winge
Percy Hilder Miles,Q7167392,British musician 1878-1922,https://en.wikipedia.org/wiki/Percy_Hilder_Miles
Petr Petrovich Evstafʹev,Q34739941,,
Philipp Schmutzer,Q2087022,,
Phédora Pierret,Q121597196,,
Pierre Baillot,Q512197,French musician,https://en.wikipedia.org/wiki/Pierre_Baillot
Pierre Mercure,Q127018,Canadian musician (1927–1966),https://en.wikipedia.org/wiki/Pierre_Mercure
Pierre Sancan,Q426235,French musician (1916–2008),https://en.wikipedia.org/wiki/Pierre_Sancan
Pierre Segond,Q2451644,Swiss musicologist (1913-2000),
Pierre-Jean Garat,Q578480,French singer (1762-1823),https://en.wikipedia.org/wiki/Pierre-Jean_Garat
Pierre-Joseph Candeille,Q3903423,French musician (1744-1827),https://en.wikipedia.org/wiki/Pierre-Joseph_Candeille
Pierre-Joseph-Guillaume Zimmermann,Q1348126,French pianist,https://en.wikipedia.org/wiki/Pierre-Joseph-Guillaume_Zimmerman
"Prince August, Duke of Dalarna",Q742191,Swedish prince (1831-1873),"https://en.wikipedia.org/wiki/Prince_August,_Duke_of_Dalarna"
Princess Eugénie of Sweden,Q526915,Swedish princess; daughter of Oscar I of Sweden and Josephine of Leuchtenberg (1830–1889),https://en.wikipedia.org/wiki/Princess_Eugénie_of_Sweden
Prosper Sainton,Q2443056,French musician (1813–1890),https://en.wikipedia.org/wiki/Prosper_Sainton
Pyotr Danilchenko,Q113484550,,
Q101797873,Q101797873,,
Q1027185,Q1027185,Finnish musician (1801–1850),
Q1041656,Q1041656,"Spanish pianist, artist (1940–2017)",https://en.wikipedia.org/wiki/Carles_Santos
Q1042888,Q1042888,Cuban musician (1934–2002),https://en.wikipedia.org/wiki/Carlos_Fariñas
Q105085393,Q105085393,Greek pianist,
Q108005,Q108005,German organist and music educator (1862-1932),https://en.wikipedia.org/wiki/Friedrich_Wilhelm_Franke
Q109483563,Q109483563,,
Q110177136,Q110177136,French musician,https://en.wikipedia.org/wiki/Gabriel_Verdalle
Q110261239,Q110261239,,
Q111084123,Q111084123,,
Q111270000,Q111270000,,
Q112312209,Q112312209,,
Q112417957,Q112417957,,
Q112453942,Q112453942,,
Q113250831,Q113250831,French musician,
Q114928190,Q114928190,(1855-1946),
Q115430794,Q115430794,,
Q115859811,Q115859811,,
Q11588067,Q11588067,,
Q116590072,Q116590072,,
Q1175767,Q1175767,Canadian saxophonist and musicologist,
Q11927790,Q11927790,"Spanish musician, businessperson and poet (1880-1953)",
Q11982047,Q11982047,Norwegian musician (1905-1977),https://en.wikipedia.org/wiki/Kristian_Hauger
Q11982808,Q11982808,Norwegian writer and musician,https://en.wikipedia.org/wiki/Kåre_Siem
Q12174218,Q12174218,Ukrainian musicologist,
Q123249,Q123249,Swiss conductor and classical pianist (1886-1960),https://en.wikipedia.org/wiki/Edwin_Fischer
Q1244998,Q1244998,American musician,https://en.wikipedia.org/wiki/Dorian_Rudnytsky
Q125344934,Q125344934,,
Q1280917,Q1280917,American jazz musician and United States Army officer (1880-1919),https://en.wikipedia.org/wiki/James_Reese_Europe
Q12880983,Q12880983,Greek musician,
Q13206674,Q13206674,Tatar musician,
Q133832,Q133832,Finnish conductor and cellist (1872-1947),https://en.wikipedia.org/wiki/Georg_Schnéevoigt
Q136487904,Q136487904,,
Q136933178,Q136933178,Greek cellist,
Q137240785,Q137240785,,
Q1379643,Q1379643,French classical pianist (1927-1972),https://en.wikipedia.org/wiki/Jean_Casadesus
Q139641,Q139641,Spanish author (1835-1906),https://en.wikipedia.org/wiki/José_Antonio_Santesteban
Q139859258,Q139859258,,
Q1403183,Q1403183,Argentine musician (1884–1958),https://en.wikipedia.org/wiki/Felipe_Boero
Q1441113,Q1441113,,
Q15266140,Q15266140,French musician and music arranger (born 1981),https://en.wikipedia.org/wiki/Clément_Ducol
Q15810061,Q15810061,,
Q1585793,Q1585793,British musician (1885-1971),https://en.wikipedia.org/wiki/Harold_Craxton
Q1597059,Q1597059,,
Q16012356,Q16012356,American musician,https://en.wikipedia.org/wiki/Allan_Arthur_Willman
Q16177398,Q16177398,,
Q16439810,Q16439810,(1874-1963),
Q16498157,Q16498157,Brazilian musician,
Q16669949,Q16669949,,
Q1685574,Q1685574,French musician (1917–1992),https://en.wikipedia.org/wiki/Jean_Hubeau
Q1690309,Q1690309,German music theorist and musicologist (1838-1900),https://en.wikipedia.org/wiki/Ludwig_Bussler
Q1692331,Q1692331,German tenor and voice teacher (1765-1845),https://en.wikipedia.org/wiki/Johann_Aloys_Miksch
Q1694989,Q1694989,German choir director,
Q17147971,Q17147971,,
Q17300735,Q17300735,"Catalan organist, pianist und Komponist",
Q1731828,Q1731828,German organist (1892–1983),
Q17383168,Q17383168,,
Q18237265,Q18237265,Brazilian musician,
Q1850160,Q1850160,Italian violinist (1900-1979),
Q18616078,Q18616078,,
Q1908638,Q1908638,Belgian violinist (1871–1947),https://en.wikipedia.org/wiki/Mathieu_Crickboom
Q1995021,Q1995021,German piano teacher and compiler of books of technical music studies (1810-1874),https://en.wikipedia.org/wiki/Louis_Plaidy
Q19950677,Q19950677,,
Q2000681,Q2000681,Polish-American painist (1879-1945),https://en.wikipedia.org/wiki/Severin_Eisenberger
Q20243396,Q20243396,,
Q21293358,Q21293358,,
Q213894,Q213894,German musician,https://en.wikipedia.org/wiki/Carl_Gottlieb_Reissiger
Q21402360,Q21402360,,
Q21853006,Q21853006,,
Q2211426,Q2211426,Belgian conductor,
Q23655419,Q23655419,,
Q2459879,Q2459879,Japanese conductor and musicologist,https://en.wikipedia.org/wiki/Masakazu_Natsuda
Q24938987,Q24938987,,
Q25424133,Q25424133,,
Q25743688,Q25743688,,
Q2605389,Q2605389,"Belgian conductor, pianist and trumpeter",
Q27649628,Q27649628,,
Q27987632,Q27987632,(1822-1903),
Q28357940,Q28357940,,
Q2851635,Q2851635,French harpist,https://en.wikipedia.org/wiki/Annie_Challan
Q2853715,Q2853715,Canadian organist,https://en.wikipedia.org/wiki/Antoine_Bouchard_(musician)
Q2857410,Q2857410,(1747-1832),
Q2871185,Q2871185,French organist and music publisher,https://en.wikipedia.org/wiki/Auguste_Durand
Q2981182,Q2981182,Norwegian musician (1842-1888),https://en.wikipedia.org/wiki/Edmund_Neupert
Q3013855,Q3013855,French musician and philosopher,https://en.wikipedia.org/wiki/Daniel_Charles
Q3042871,Q3042871,Japanese conductor,
Q3121194,Q3121194,Canadian musician,https://en.wikipedia.org/wiki/Gustave_Gagnon
Q31283247,Q31283247,Romanian jazz critic and music presenter,
Q3184890,Q3184890,Belgian musician (1838-1899),https://en.wikipedia.org/wiki/Joseph_Dupont_(violinist)
Q319784,Q319784,"Finnish athletics competitor, recording artist; singer and film actor",https://en.wikipedia.org/wiki/Tapio_Rautavaara
Q32161192,Q32161192,,
Q33082871,Q33082871,"American singer, musical educator",https://en.wikipedia.org/wiki/Clara_M._Brinkerhoff
Q330862,Q330862,Mexican musician (1864-1907),https://en.wikipedia.org/wiki/Ricardo_Castro_(composer)
Q3340807,Q3340807,French organist,https://en.wikipedia.org/wiki/Nicolas_Séjan
Q3372372,Q3372372,French violinist and musicologist (1857-1941),https://en.wikipedia.org/wiki/Paul_Viardot
Q3434743,Q3434743,French actor and musician (1878-1940),https://en.wikipedia.org/wiki/Robert-Guillaume_Casadesus
Q3471225,Q3471225,American musician (1849–1910),https://en.wikipedia.org/wiki/Samuel_Sanford
Q3514176,Q3514176,Japanese conductor (1924–2004),
Q3635801,Q3635801,Italian opera singer (1804–1895),https://en.wikipedia.org/wiki/Basilio_Basili
Q3638094,Q3638094,Italian musician,
Q365287,Q365287,Russian musician (1851–1929),https://en.wikipedia.org/wiki/Adolph_Brodsky
Q374570,Q374570,Spanish author (1844-1911),
Q3856087,Q3856087,Canadian singer,https://en.wikipedia.org/wiki/Micah_Barnes
Q394383,Q394383,French pianist (1922–2015),https://en.wikipedia.org/wiki/Agnelle_Bundervoët
Q3951071,Q3951071,Italian musician,
Q4169027,Q4169027,French pianist (1907–1982),https://en.wikipedia.org/wiki/Jean_Doyen
Q4171146,Q4171146,Austrian musician (1815–1875),https://en.wikipedia.org/wiki/Matthias_Durst
Q4183894,Q4183894,Russian musicologist,
Q42309175,Q42309175,,
Q4284183,Q4284183,,
Q4302123,Q4302123,"Swiss chapelmaster, organist and professor (1879-1940)",
Q43232327,Q43232327,,
Q43439895,Q43439895,,
Q4347222,Q4347222,"musician, pianist and musicographer (1844-1896)",
Q435341,Q435341,Brazilian pianist (1895-1979),https://en.wikipedia.org/wiki/Guiomar_Novaes
Q4391674,Q4391674,19th-century French tenor,https://en.wikipedia.org/wiki/Louis_Benoît_Alphonse_Révial
Q4442530,Q4442530,,
Q4453717,Q4453717,Czech pianist (1817-1882),
Q449299,Q449299,English conductor (1869–1944),https://en.wikipedia.org/wiki/Henry_Wood
Q4502867,Q4502867,Dutch musician and conductor (1853-1936),
Q4521964,Q4521964,Belgian cellist (1811–1877),
Q453138,Q453138,Polish musician (1882–1947),https://en.wikipedia.org/wiki/Bronisław_Huberman
Q4581517,Q4581517,Classical pianist (1912–1996),https://en.wikipedia.org/wiki/Robert_Levin_(Norwegian_pianist)
Q459872,Q459872,British musician (1895-1967),https://en.wikipedia.org/wiki/Harriet_Cohen
Q466811,Q466811,Italian poet (1523-1554),https://en.wikipedia.org/wiki/Gaspara_Stampa
Q4780712,Q4780712,Greek musician,https://en.wikipedia.org/wiki/Apostolos_Paraskevas
Q481555,Q481555,Dutch musician (1840-1911),https://en.wikipedia.org/wiki/Samuel_de_Lange
Q4952148,Q4952148,Swedish organist,
Q50286844,Q50286844,Australian singer-songwriter and pianist,https://en.wikipedia.org/wiki/Sarah_McKenzie
Q506097,Q506097,German classical pianist,https://en.wikipedia.org/wiki/Ludwig_Abeille
Q5271611,Q5271611,American conductor,https://en.wikipedia.org/wiki/Diane_Wittry
Q5385024,Q5385024,German musician,
Q5400941,Q5400941,American soprano and vocal coach (1880-1970),https://en.wikipedia.org/wiki/Estelle_Liebling
Q546592,Q546592,Japanese musician (1932-2016),https://en.wikipedia.org/wiki/Isao_Tomita
Q5494368,Q5494368,Finnish musician and politician,https://en.wikipedia.org/wiki/Jussi_Chydenius
Q552124,Q552124,Italian singer castrato,https://en.wikipedia.org/wiki/Girolamo_Crescentini
Q5546857,Q5546857,Swedish musician,
Q55553684,Q55553684,Romanian violinist and conductor,https://en.wikipedia.org/wiki/Cristian_Măcelaru
Q5555710,Q5555710,Finnish musicologist from Åland (1879-1969),https://en.wikipedia.org/wiki/Otto_Andersson_(musicologist)
Q55837677,Q55837677,,
Q55846089,Q55846089,,
Q55857428,Q55857428,,
Q5621446,Q5621446,Argentine musician,
Q56285512,Q56285512,Canadian musician,
Q56401848,Q56401848,,
Q56401855,Q56401855,,
Q56558724,Q56558724,Canadian drummer,
Q57090409,Q57090409,pianist from Lviv,
Q5826555,Q5826555,,
Q586116,Q586116,Russian pianist (1873–1948),https://en.wikipedia.org/wiki/Konstantin_Igumnov
Q5865887,Q5865887,,
Q5934086,Q5934086,Austrian musician (1888–1972),https://en.wikipedia.org/wiki/Hugo_Kauder
Q6006615,Q6006615,Spanish musician,
Q609940,Q609940,French singer and harpsichord,https://en.wikipedia.org/wiki/Marguerite-Louise_Couperin
Q6148577,Q6148577,,
Q64210701,Q64210701,,
Q64862,Q64862,"Associate, secretary, and early biographer of Ludwig van Beethoven (1795-1864)",https://en.wikipedia.org/wiki/Anton_Schindler
Q65720241,Q65720241,,
Q6699463,Q6699463,Polish musician (1807-1855),https://en.wikipedia.org/wiki/Ludwika_Jędrzejewicz
Q6795259,Q6795259,German musician,https://en.wikipedia.org/wiki/Max_Spicker
Q695725,Q695725,Austrian musician (1830–1852),https://en.wikipedia.org/wiki/Georg_Hellmesberger_Jr.
Q705278,Q705278,French musician,https://en.wikipedia.org/wiki/Olivier_Latry
Q707845,Q707845,"Czech violinist, violist and conductor (1929–2011)",https://en.wikipedia.org/wiki/Josef_Suk_(violinist)
Q71738324,Q71738324,Dutch musician (1836-1913),
Q71738388,Q71738388,Dutch musician (1863-1948),
Q73272643,Q73272643,,
Q74653933,Q74653933,,
Q748538,Q748538,Swedish-American music producer and film producer,https://en.wikipedia.org/wiki/Quincy_Jones_III
Q786265,Q786265,French conductor (1840–1905),https://en.wikipedia.org/wiki/Jules_Danbé
Q78902,Q78902,Austrian musician (1863-1940),https://en.wikipedia.org/wiki/Ferdinand_Hellmesberger
Q7925898,Q7925898,Canadian musician (1924–2020),https://en.wikipedia.org/wiki/Victor_Feldbrill
Q7934394,Q7934394,pianist (1869–1941),https://en.wikipedia.org/wiki/Virginia_Mariani_Campolieti
Q809000,Q809000,American drummer,https://en.wikipedia.org/wiki/Barry_Altschul
Q817200,Q817200,Swedish trumpeter (1926-2015),https://en.wikipedia.org/wiki/Bengt-Arne_Wallin
Q881426,Q881426,German musician (1863–1943),https://en.wikipedia.org/wiki/Wilhelm_Middelschulte
Q896150,Q896150,German conductor (1903-1982),https://en.wikipedia.org/wiki/Erhard_Mauersberger
Q89800,Q89800,German musician (1846-1918),https://en.wikipedia.org/wiki/Henry_Schradieck
Q91221100,Q91221100,,
Q9335726,Q9335726,Polish musicologist,
Q94579457,Q94579457,Greek musician,
Q98875,Q98875,organ builder (1791–1870),https://en.wikipedia.org/wiki/Johann_Gottlob_Töpfer
Q98951482,Q98951482,(1855-1944),
Ramón Carnicer,Q1350076,Spanish musician (1789-1855),https://en.wikipedia.org/wiki/Ramón_Carnicer
Raquel García-Tomás,Q27975002,,https://en.wikipedia.org/wiki/Raquel_García-Tomás
Raymond Torres-Santos,Q7299190,,https://en.wikipedia.org/wiki/Raymond_Torres-Santos
Regina Berkovits,Q29347568,10 Sep 1887 -,
Richard Brind,Q7324338,English musician,https://en.wikipedia.org/wiki/Richard_Brind
Richard Buhlig,Q7324433,American musician (1880–1952),https://en.wikipedia.org/wiki/Richard_Buhlig
Richard Toop,Q4465571,British-Australian musicologist (1945-2017),https://en.wikipedia.org/wiki/Richard_Toop
Robert Kapilow,Q7346261,American conductor,https://en.wikipedia.org/wiki/Rob_Kapilow
Robert Sherlaw Johnson,Q7349753,British musician and scholar (1932-2000),https://en.wikipedia.org/wiki/Robert_Sherlaw_Johnson
Robert Teichmüller,Q75451,German pianist (1863–1939),https://en.wikipedia.org/wiki/Robert_Teichmüller
Robert-Alexander Bohnke,Q121660,German musician and music educator (1927-2004),
Robin Mallapert,Q194007,French musician,https://en.wikipedia.org/wiki/Robin_Mallapert
Roger Henrichsen,Q7358333,Danish musician (1876-1926),https://en.wikipedia.org/wiki/Roger_Henrichsen
Romain Didier,Q3440632,French singer,
Royden Barrie,Q19600352,British writer and poet,https://en.wikipedia.org/wiki/Royden_Barrie
Roza Tamarkina,Q949673,Soviet pianist (1920-1950),https://en.wikipedia.org/wiki/Rosa_Tamarkina
Rudi Tas,Q7376967,,https://en.wikipedia.org/wiki/Rudi_Tas
Rudolf Bella,Q2172407,(1890-1973),
Rudolf Dittrich,Q321954,Austrian musician (1861-1919),https://en.wikipedia.org/wiki/Rudolf_Dittrich
Rudolf Firkušný,Q2142506,Czech pianist (1912–1994),https://en.wikipedia.org/wiki/Rudolf_Firkušný
Sahba Aminikia,Q7399555,,https://en.wikipedia.org/wiki/Sahba_Aminikia
Sami Shawa,Q3470790,Syrian musician,https://en.wikipedia.org/wiki/Sami_Shawa
Sammy Timberg,Q7409844,American musician,https://en.wikipedia.org/wiki/Sammy_Timberg
Samuel Liégeon,Q117405046,French organist,
Sandra Drouker,Q2220978,Russian musician (1876–1944),https://en.wikipedia.org/wiki/Sandra_Droucker
Santiago Riera,Q48963838,Spanish musician,
Santino Garsi da Parma,Q3949447,Italian musician,https://en.wikipedia.org/wiki/Santino_Garsi_da_Parma
Sara Wennerberg-Reuter,Q4990297,Swedish musician,https://en.wikipedia.org/wiki/Sara_Wennerberg-Reuter
Sarah Kirkland Snider,Q7422490,,https://en.wikipedia.org/wiki/Sarah_Kirkland_Snider
Scipione della Palla,Q91473139,Italian musician of the Renaissance,
Scott Fields,Q2260860,American musician,https://en.wikipedia.org/wiki/Scott_Fields
Sebastian Bach Mills,Q7442363,American musician (1839-1898),https://en.wikipedia.org/wiki/Sebastian_Bach_Mills
Sebastian Westcott,Q7442551,English organist and stager of dramas,https://en.wikipedia.org/wiki/Sebastian_Westcott
Selim Segerstam,Q11892895,Finnish choir director,https://en.wikipedia.org/wiki/Selim_Segerstam
Semyon Viktorovich Panchenko,Q27732062,,
Serge Conus,Q2272649,Russian musician (1902–1988),https://en.wikipedia.org/wiki/Serge_Conus
Sergey Pavlovich Dobrovolsky,Q108453669,,
Sergio Cervetti,Q6125380,,https://en.wikipedia.org/wiki/Sergio_Cervetti
Sergio Ortega,Q210532,Chilean musician (1938–2003),https://en.wikipedia.org/wiki/Sergio_Ortega_(composer)
Sergiu Celibidache,Q165671,Romanian conductor (1912–1996),https://en.wikipedia.org/wiki/Sergiu_Celibidache
shtvan Ferentsovich Marton,Q12121568,,
Siegfried Wilhelm Dehn,Q62376,German musicologist (1799–1858),https://en.wikipedia.org/wiki/Siegfried_Dehn
Sigismund Päminger,Q55875077,1539-1571; Komponist protestant. Motetten; Compositeur. - Fils de Leonhard Paminger (1495-1567); Bearb.; Beitr. im VD-16,
Sophie Menter,Q66818,German musician (1846–1918),https://en.wikipedia.org/wiki/Sophie_Menter
Sophonias Päminger,Q55133198,,
Stepan Demuryan,Q16400117,,
Steve Elcock,Q83737480,,https://en.wikipedia.org/wiki/Steve_Elcock
Sydney Guillaume,Q18921821,,https://en.wikipedia.org/wiki/Sydney_Guillaume
Sérgio Dias,Q5621407,Brazilian musician,https://en.wikipedia.org/wiki/Sérgio_Dias
Tadeusz Szeligowski,Q964782,Polish musician (1896–1963),https://en.wikipedia.org/wiki/Tadeusz_Szeligowski
Tarmo Peltokoski,Q111983376,Finnish conductor and pianist,https://en.wikipedia.org/wiki/Tarmo_Peltokoski
Tarmo Peltokoski,Q111983376,,https://en.wikipedia.org/wiki/Tarmo_Peltokoski
Tauno Hannikainen,Q2916885,Finnish conductor,https://en.wikipedia.org/wiki/Tauno_Hannikainen
Ted Hearne,Q20011470,,https://en.wikipedia.org/wiki/Ted_Hearne
Telesforo Righi,Q66088158,,
"Teodósio, Prince of Brazil",Q2574511,Portuguese prince (1634-1653),"https://en.wikipedia.org/wiki/Teodósio,_Prince_of_Brazil"
Theodor Amadeus Müller,Q16853824,German musician,https://en.wikipedia.org/wiki/Theodor_Amadeus_Müller
Theodor Blumer,Q94822351,,
Theodor Kullak,Q706082,German musician (1818-1882),https://en.wikipedia.org/wiki/Theodor_Kullak
Theodor W. Adorno,Q152388,"German philosopher, sociologist and theorist (1903–1969)",https://en.wikipedia.org/wiki/Theodor_W._Adorno
Therese Kling,Q67292410,,
Thomas Hell,Q97486175,German pianist and university professor,
Thomas Kientz,Q122909341,French organist,
Thomas Whitney Surette,Q20006658,US writer and lecturer,https://en.wikipedia.org/wiki/Thomas_Whitney_Surette
Timothy Sullivan,Q2435329,,https://en.wikipedia.org/wiki/Timothy_Sullivan_(composer)
Tofig Guliyev,Q2399466,Azerbaijani musician (1917–2000),https://en.wikipedia.org/wiki/Tofig_Guliyev
Toke Lund Christiansen,Q5965469,Danish flutist,
Tor Ahlberg,Q5543868,Swedish musician,
Trygve Madsen,Q3467545,Norwegian classical pianist,https://en.wikipedia.org/wiki/Trygve_Madsen
Valentin Höller,Q94915460,,
Valerio Guami,Q110224545,1587 - 1649,
Vera Petrovna Gerchik,Q56310080,,
Verena Wagner Lafferentz,Q5391363,Daughter of Siegfried Wagner (1920-2019),https://en.wikipedia.org/wiki/Verena_Wagner_Lafferentz
Vicente Emilio Sojo,Q2521948,Venezuelan musician (1887–1974),https://en.wikipedia.org/wiki/Vicente_Emilio_Sojo
Victor Smolski,Q612757,Belarusian guitarist based in Germany,https://en.wikipedia.org/wiki/Victor_Smolski
Victor von Herzfeld,Q4497382,Hungarian musician (1856-1919),https://en.wikipedia.org/wiki/Victor_von_Herzfeld
Vilém Steinman,Q95390731,,
Vincent Lübeck,Q63565427,,
Vincenzo Guami,Q120969740,,
Vincenzo Manfredini,Q928954,Italian musician (1737–1799),https://en.wikipedia.org/wiki/Vincenzo_Manfredini
Vincenzo Scaramuzza,Q1981354,Italian-Argentine pianist,https://en.wikipedia.org/wiki/Vincenzo_Scaramuzza
Vito Frazzi,Q2528697,Italian musician (1888–1975),https://en.wikipedia.org/wiki/Vito_Frazzi
Vito Palumbo,Q24668541,,https://en.wikipedia.org/wiki/Vito_Palumbo
Vyacheslav Nagovitsin,Q7943823,,https://en.wikipedia.org/wiki/Vyacheslav_Nagovitsin
Walter Gieseking,Q61028,German pianist (1895–1956),https://en.wikipedia.org/wiki/Walter_Gieseking
Walter Morse Rummel,Q7965680,pianist (1887-1953),https://en.wikipedia.org/wiki/Walter_Morse_Rummel
Wesley LaViolette,Q738316,American musician (1894–1978),https://en.wikipedia.org/wiki/Wesley_LaViolette
Whitney Eugene Thayer,Q329655,American musician (1838–1889),https://en.wikipedia.org/wiki/Whitney_Eugene_Thayer
Wieland Wagner,Q60465,German opera director (1917–1966),https://en.wikipedia.org/wiki/Wieland_Wagner
Wilhelm Backhaus,Q60256,German pianist (1884–1969),https://en.wikipedia.org/wiki/Wilhelm_Backhaus
Wilhelm Fitzenhagen,Q4485111,German musician (1848-1890),https://en.wikipedia.org/wiki/Wilhelm_Fitzenhagen
Wilhelm Friedrich Wieprecht,Q72483,German conductor (1802–1872),https://en.wikipedia.org/wiki/Wilhelm_Friedrich_Wieprecht
Wilhelm Hanser,Q19544736,,
Wilhelm Heintze,Q5798123,"Swedish conductor, organist and music educator (1849-1895)",https://en.wikipedia.org/wiki/Wilhelm_Heintze
Wilhelm Kuhe,Q8002219,German musician (1823–1912),https://en.wikipedia.org/wiki/Wilhelm_Kuhe
Wilhelm Müller,Q94914102,,
William Arms Fisher,Q3209532,"American historian, music editor, and writer on music (1861-1948)",https://en.wikipedia.org/wiki/William_Arms_Fisher
William Smyth Rockstro,Q16203699,British musicologist,https://en.wikipedia.org/wiki/W._S._Rockstro
"Willie ""The Lion"" Smith",Q1773956,American musician (1897–1973),"https://en.wikipedia.org/wiki/Willie_""the_Lion""_Smith"
Willy Hess,Q70128,German violinist (1859-1939),https://en.wikipedia.org/wiki/Willy_Hess_(violinist)
Witold Małcużyński,Q740641,Polish musician (1914–1977),https://en.wikipedia.org/wiki/Witold_Małcużyński
Wolfgang Reimann,Q23062569,German musician,
Wolfgang Wagner,Q60452,German stage director,https://en.wikipedia.org/wiki/Wolfgang_Wagner
Yevsevii Mandychesvky,Q701340,Austrian musician (1857-1929),https://en.wikipedia.org/wiki/Eusebius_Mandyczewski
Yves Castagnet,Q8330196,French organist,https://en.wikipedia.org/wiki/Yves_Castagnet
Yvonne Loriod,Q235500,French musician,https://en.wikipedia.org/wiki/Yvonne_Loriod
Zdeněk Nejedlý,Q169038,"Czech musicologist, writer and politician (1878–1962)",https://en.wikipedia.org/wiki/Zdeněk_Nejedlý
Émile Desportes,Q8078273,French painter (1878-1944),https://en.wikipedia.org/wiki/Émile_Desportes
Žibuoklė Martinaitytė,Q97732934,,https://en.wikipedia.org/wiki/Žibuoklė_Martinaitytė
Глушков Петро Тарасович,Q12096217,,
Коган Олександр Лазарович,Q110617067,,
Сальвадор Виньегра,Q425621,"Spanish painter, museum conservator and writer (1862–1914)",https://en.wikipedia.org/wiki/Salvador_Viniegra
Франческо Беллаци,Q124255172,,
