article,name,birth,death,flourish,era
Philippe de Monte,Philippe de Monte,1521,1603,,Baroque
Baldassare Donato,Baldassare Donato,1525/1530,1603,,Baroque
Costanzo Porta,Costanzo Porta,1529,1601,,Baroque
Jiří Rychnovský,Jiří Rychnovský,1529,1616,,Baroque
Guillaume Costeley,Guillaume Costeley,1530,1606,,Baroque
Fabritio Caroso,Fabritio Caroso,1530,1605/1620,,Baroque
Mateo Flecha el Joven,Mateo Flecha the Younger,1530,1604,,Baroque
Gianmatteo Asola,Gianmatteo Asola,1532,1609,,Baroque
Andrea Gabrieli,Andrea Gabrieli,1532/1523,1585,,Baroque
Claudio Merulo,Claudio Merulo,1533,1604,,Baroque
Francesco Soto de Langa,Francesco Soto de Langa,1534,1619,,Baroque
Rocco Rodio,Rocco Rodio,1535,after 1615,,Baroque
Mikołaj Gomółka,Mikołaj Gomółka,1535,1609,,Baroque
Cesare Negri,Cesare Negri,1535,1605,,Baroque
Simone de Bonefont,Simone de Bonefont,1535 ,  ?,,Baroque
Johannes Matelart,Johannes Matelart,before 1538,1607,,Baroque
Stefano Felis,Stefano Felis,1538,1603,,Baroque
William Byrd,William Byrd,1540,1623,,Baroque
Matthäus Waissel,Matthäus Waissel,1540,1602,,Baroque
Giovanni Ferretti,Giovanni Ferretti,1540,after 1609,,Baroque
Tiburtio Massaino,Tiburzio Massaino,1540,after 1608,,Baroque
Hernando de Cabezón,Hernando de Cabezón,1541,1602,,Baroque
Gioseffo Guami,Gioseffo Guami,1542,1611,,Baroque
Giovanni Maria Nanino,Giovanni Maria Nanino,1543/1544,1607,,Baroque
Francesco Guami,Francesco Guami,1544,1602,,Baroque
Anthony Holborne,Anthony Holborne,1545,1602,,Baroque
Luzzasco Luzzaschi,Luzzasco Luzzaschi,1545,1607,,Baroque
Jakub Polak (musician),Jakub Polak,1545,1605,,Baroque
Ginés de Boluda,Ginés de Boluda,1545,1606,,Baroque
Manuel Mendes,Manuel Mendes,1547,1605,,Baroque
Francesco Soriano,Francesco Soriano,1548,1621,,Baroque
Tomás Luis de Victoria,Tomás Luis de Victoria,1548,1611,,Baroque
Eustache Du Caurroy,Eustache Du Caurroy,1549,1609,,Baroque
Bernardo Clavijo del Castillo,Bernardo Clavijo del Castillo,1549,1626,,Baroque
Jacobus Gallus,Jacobus Gallus,1550,1591,,Baroque
Charles Tessier,Charles Tessier,1550,after 1604,,Baroque
Thomas Mancinus,Thomas Mancinus,1550,1612,,Baroque
Ippolito Baccusi,Ippolito Baccusi,1550,1609,,Baroque
Emilio de' Cavalieri,Emilio de' Cavalieri,c. 1550,1602,,Baroque
Cesario Gussago,Cesario Gussago,1550,1612,,Baroque
Pomponio Nenna,Pomponio Nenna,1550,1613,,Baroque
Riccardo Rognoni,Riccardo Rognoni,c. 1550,c. 1620,,Baroque
David Sacerdote,David Sacerdote,1550,1625,,Baroque
Ruggiero Trofeo,Ruggiero Trofeo,1550,1614,,Baroque
Orazio Vecchi,Orazio Vecchi,1550,1605,,Baroque
Guillaume de Chastillon,Guillaume de Chastillon,c. 1550,1610,,Baroque
Tomasz Szadek,Tomasz Szadek,1550,1612,,Baroque
Krzysztof Klabon,Krzysztof Klabon,1550,1616,,Baroque
Gregory (Gregorius) Howet (Huwet),Gregory (Gregorius) Howet (Huwet),1550,1617,,Baroque
Pedro de Cristo,Pedro de Cristo,1550,1618,,Baroque
Vicente Espinel,Vicente Espinel,1550,1624,,Baroque
Juan Navarro Gaditanus,Juan Navarro,1550,1610,,Baroque
Ambrosio Cotes,Ambrosio Cotes,1550,1603,,Baroque
Sebastián Raval,Sebastián Raval,1550,1604,,Baroque
Jan Trojan Turnovský,Jan Trojan Turnovský,1550,1606,,Baroque
Pavel Spongopaeus Jistebnický,Pavel Spongopaeus Jistebnický,1550,1619,,Baroque
Giulio Caccini,Giulio Caccini,1551,1618,,Baroque
Benedetto Pallavicino,Benedetto Pallavicino,1551,1601,,Baroque
Girolamo Belli,Girolamo Belli,1552,1620,,Baroque
Edmund Hooper (organist),Edmund Hooper,1553,1621,,Baroque
Johannes Eccard,Johannes Eccard,1553,1611,,Baroque
Leonhard Lechner,Leonhard Lechner,1553,1606,,Baroque
Elway Bevin,Elway Bevin,1554,1638,,Baroque
William Inglot,William Inglot,1554,1621,,Baroque
Emmanuel Adriaenssen,Emmanuel Adriaenssen,1554,1604,,Baroque
Cosimo Bottegari,Cosimo Bottegari,1554,1620,,Baroque
Girolamo Diruta,Girolamo Diruta,1554,after 1610,,Baroque
Giovanni Giacomo Gastoldi,Giovanni Giacomo Gastoldi,1554,1609,,Baroque
Giovanni Gabrieli,Giovanni Gabrieli,c. 1554/1557,1612,,Baroque
Jacques Champion (composer),Jacques Champion,before 1555,1642,,Baroque
John Mundy (composer),John Mundy,1555,1630,,Baroque
Gabriele Villani,Gabriele Villani,1555,1625,,Baroque
Manuel Rodrigues Coelho,Manuel Rodrigues Coelho,c. 1555,c. 1635,,Baroque
Paolo Quagliati,Paolo Quagliati,c. 1555,1628,,Baroque
Alonso Lobo,Alonso Lobo,1555,1617,,Baroque
Johannes Nucius,Johannes Nucius,c. 1556,1620,,Baroque
Thomas Morley,Thomas Morley,1557,1602,,Baroque
Carolus Luython,Carolus Luython,1557,1620,,Baroque
Jacques Mauduit,Jacques Mauduit,1557,1627,,Baroque
Giovanni Croce,Giovanni Croce,c. 1557,1609,,Baroque
Alfonso Fontanelli,Alfonso Fontanelli,1557,1622,,Baroque
Wojciech Długoraj,Wojciech Długoraj,1557,after 1619,,Baroque
Nathaniel Giles,Nathaniel Giles,1558,1634,,Baroque
Matthew Jeffries,Matthew Jeffries,1558,1615,,Baroque
Ferdinando Richardson,Ferdinando Richardson,1558,1618,,Baroque
Richard Carlton,Richard Carlton,1558,1638,,Baroque
Philippus Schoendorff,Philippus Schoendorff,1558,1617,,Baroque
Giovanni Bassano,Giovanni Bassano,c. 1558,1617,,Baroque
Scipione Stella,Scipione Stella,1558/1559,1622,,Baroque
Richard Allison (composer),Richard Allison,1560/1570,before 1610,,Baroque
Felice Anerio,Felice Anerio,1560,1614,,Baroque
Giulio Belli,Giulio Belli,c. 1560,1621 or later,,Baroque
William Brade,William Brade,1560,1630,,Baroque
William Cobbold (composer),William Cobbold,1560,1639,,Baroque
James Harding (composer),James Harding,1560,1626,,Baroque
Diomedes Cato,Diomedes Cato,c. 1560/1565,1618,,Baroque
Camillo Lambardi,Camillo Lambardi,c. 1560,1634,,Baroque
Giovanni Bernardino Nanino,Giovanni Bernardino Nanino,c. 1560,1623,,Baroque
Peter Philips,Peter Philips,c. 1560,1628,,Baroque
Hieronymus Praetorius,Hieronymus Praetorius,1560,1629,,Baroque
August Nörmiger,August Nörmiger,1560,1613,,Baroque
Thomas Robinson (composer),Thomas Robinson,1560,1610,,Baroque
Lodovico Grossi da Viadana,Lodovico Grossi da Viadana,c. 1560,1627,,Baroque
Scipione Dentice,Scipione Dentice,1560,1635,,Baroque
Carlo Gesualdo,Carlo Gesualdo,1560,1613,,Baroque
Ruggiero Giovannelli,Ruggiero Giovannelli,c. 1560,1625,,Baroque
Antonio II Verso,Antonio II Verso,1560,1621,,Baroque
Leone Leoni,Leone Leoni,1560,1627,,Baroque
Petrus de Drusina,Petrus de Drusina,1560,1611,,Baroque
Juan Esquivel Barahona,Juan Esquivel Barahona,1560,after 1625,,Baroque
Abraham Blondet,Abraham Blondet,1560,1634,,Baroque
Elias Mertel,Elias Mertel,1561,1626,,Baroque
Sebastian Aguilera de Heredia,Sebastian Aguilera de Heredia,1561,1627,,Baroque
Jacopo Peri,Jacopo Peri,1561,1633,,Baroque
Francesco Usper,Francesco Usper,1561,1641,,Baroque
John Bull (composer),John Bull,1562,1628,,Baroque
Jan Pieterszoon Sweelinck,Jan Pieterszoon Sweelinck,1562,1621,,Baroque
Andreas Raselius,Andreas Raselius,1562,1602,,Baroque
Jean Titelouze,Jean Titelouze,1562/1563,1633,,Baroque
John Dowland,John Dowland,1563,1626,,Baroque
Giles Farnaby,Giles Farnaby,c. 1563,1640,,Baroque
John Milton (composer),John Milton,1563,1647,,Baroque
Cornelis Verdonck,Cornelis Verdonck,1563,1625,,Baroque
John Danyel,John Danyel,1564,1626,,Baroque
Hans Leo Hassler,Hans Leo Hassler,1564,1612,,Baroque
Kryštof Harant z Polžic a Bezdružic,Kryštof Harant z Polžic a Bezdružic,1564,1621,,Baroque
Giulio Cesare Martinengo,Giulio Cesare Martinengo,1564/1568,1613,,Baroque
John Hilton the elder,John Hilton,1565,1609?,,Baroque
Michael Cavendish,Michael Cavendish,1565,1628,,Baroque
John Farmer (composer),John Farmer,1565,1605,,Baroque
George Kirbye,George Kirbye,1565,1634,,Baroque
William Leighton,William Leighton,1565,1622,,Baroque
Leonard Woodson,Leonard Woodson,1565,1641,,Baroque
Gregor Aichinger,Gregor Aichinger,c. 1565,1628,,Baroque
Duarte Lobo,Duarte Lobo,c. 1565,1646,,Baroque
Erasmo Marotta,Erasmo Marotta,1565,1641,,Baroque
Ascanio Mayone,Ascanio Mayone,c. 1565,1627,,Baroque
Giovanni Pietro Flaccomio,Giovanni Pietro Flaccomio,1565,1617,,Baroque
Simone Molinaro,Simone Molinaro,1565,1615,,Baroque
Francis Pilkington,Francis Pilkington,c. 1565,1638,,Baroque
Manuel Cardoso,Manuel Cardoso,1566,1650,,Baroque
Gaspar Fernandes,Gaspar Fernandes,1566,1629,,Baroque
Alessandro Piccinini,Alessandro Piccinini,1566,1638,,Baroque
Lucia Quinciani,Lucia Quinciani,c. 1566,,1611,Baroque
Thomas Campion,Thomas Campion,1567,1620,,Baroque
Christoph Demantius,Christoph Demantius,1567,1643,,Baroque
Jean-Baptiste Besard,Jean-Baptiste Besard,1567,1625,,Baroque
Nicolas Formé,Nicolas Formé,1567,1638,,Baroque
Girolamo Giacobbi,Girolamo Giacobbi,1567,1629,,Baroque
Joachim van den Hove,Joachim van den Hove,c. 1567,1620,,Baroque
René Mesangeau,René Mesangeau,,,1567–1638,Baroque
Lorenzo Allegri,Lorenzo Allegri,1567,1648,,Baroque
Claudio Monteverdi,Claudio Monteverdi,1567,1643,,Baroque
Bartolomeo Barbarino,Bartolomeo Barbarino,c. 1568,1617 or later,,Baroque
Philip Rosseter,Philip Rosseter,1568,1623,,Baroque
Adriano Banchieri,Adriano Banchieri,1568,1634,,Baroque
Christian Erbach,Christian Erbach,c. 1568,1635,,Baroque
René Mesangeau,René Mézangeau,1568,1638,,Baroque
Juan Bautista Comes,Joan Baptista Comes,1568,1643,,Baroque
Edward Gibbons,Edward Gibbons,1568,1650,,Baroque
Richard Gibbs (composer),Richard Gibbs,1568,1650,,Baroque
Tobias Hume,Tobias Hume,1569,1645,,Baroque
Giovanni Francesco Anerio,Giovanni Francesco Anerio,1569,1630,,Baroque
Ottavio Vernizzi,Ottavio Vernizzi,1569,1649,,Baroque
Orazio Bassani,Orazio Bassani,before 1570,1615,,Baroque
Thomas Bateson,Thomas Bateson,1570,1630,,Baroque
Benjamin Cosyn,Benjamin Cosyn,1570,1652 or later,,Baroque
Giovanni Paolo Cima,Giovanni Paolo Cima,c. 1570,1622,,Baroque
Peeter Cornet,Peeter Cornet,c. 1570/1580,1633,,Baroque
Pierre Guédron,Pierre Guédron,c. 1570,c. 1620,,Baroque
Paul Peuerl,Paul Peuerl,1570,1625,,Baroque
Joan Pau Pujol,Joan Pau Pujol,1570,1626,,Baroque
Salamone Rossi,Salamone Rossi,c. 1570,1630,,Baroque
Girolamo Bartei,Girolamo Bartei,c. 1570,c. 1618,,Baroque
Claudia Sessa,Claudia Sessa,c. 1570,c. 1617/1619,,Baroque
Giovanni Battista Fontana (composer),Giovanni Battista Fontana,c. 1571,c. 1630,,Baroque
Thomas Lupo,Thomas Lupo,1571,1627,,Baroque
Filipe de Magalhães,Filipe de Magalhães,c. 1571,1652,,Baroque
Giovanni Picchi,Giovanni Picchi,1571,1643,,Baroque
Michael Praetorius,Michael Praetorius,c. 1571,1621,,Baroque
John Ward (composer),John Ward,1571,1638,,Baroque
Edward Johnson (composer),Edward Johnson,1572,1601,,Baroque
Daniel Bacheler,Daniel Bacheler,1572,1619,,Baroque
Martin Peerson,Martin Peerson,1572,1651,,Baroque
Thomas Tomkins,Thomas Tomkins,1572,1656,,Baroque
Moritz von Hessen-Kassel,Moritz von Hessen-Kassel,1572,1632,,Baroque
Erasmus Widmann,Erasmus Widmann,1572,1634,,Baroque
Salvatore Sacco,Salvatore Sacco,1572,1622,,Baroque
Ellis Gibbons,Ellis Gibbons,1573,1603,,Baroque
Géry de Ghersem,Géry de Ghersem,1573/1575,1630,,Baroque
Cesarina Ricci de Tingoli,Cesarina Ricci ''de Tingoli'',c. 1573,,1597,Baroque
Claudio Pari,Claudio Pari,1574,after 1619,,Baroque
Francesco Rasi,Francesco Rasi,1574,1621,,Baroque
Gabriel Bataille,Gabriel Bataille,1574,1630,,Baroque
John Wilbye,John Wilbye,1574,1638,,Baroque
Andreas Hakenberger,Andreas Hakenberger,1574,1627,,Baroque
John Bennet (composer),John Bennet,1575,after 1614,,Baroque
Vittoria Aleotti,Vittoria Aleotti,c. 1575,after 1620,,Baroque
Abundio Antonelli,Abundio Antonelli,c. 1575?,c. 1629,,Baroque
Robert Ballard (lutenist),Robert Ballard,c. 1575,1645,,Baroque
Estêvão de Brito,Estêvão de Brito,1575,1641,,Baroque
John Coprario,John Coprario,c. 1575,1626,,Baroque
Ignazio Donati,Ignazio Donati,c. 1575,1638,,Baroque
Daniel Farrant,Daniel Farrant,c. 1575,1651,,Baroque
Alfonso Ferrabosco the younger,Alfonso Ferrabosco ''the younger'',c. 1575,1628,,Baroque
Michelagnolo Galilei,Michelagnolo Galilei,1575,1631,,Baroque
Ennemond Gaultier,Ennemond Gaultier,1575,1651,,Baroque
Johann Groh,Johann Groh,c. 1575,1627?,,Baroque
Léonard de Hodémont,Léonard de Hodémont,c. 1575,1639,,Baroque
Esteban López Morago,Esteban López Morago,c. 1575,after 1630,,Baroque
Giovanni Priuli,Giovanni Priuli,c. 1575,1626,,Baroque
Mateo Romero (composer),Mateo Romero,c. 1575,1647,,Baroque
William Simmes,William Simmes,c. 1575,c. 1625,,Baroque
Giovanni Maria Trabaci,Giovanni Maria Trabaci,c. 1575,1647,,Baroque
Thomas Weelkes,Thomas Weelkes,1576,1623,,Baroque
John Maynard (composer),John Maynard,1577,between 1614 and 1633,,Baroque
Robert Jones (composer),Robert Jones,1577,1617,,Baroque
Stefano Bernardi,Stefano Bernardi,c. 1577,1637,,Baroque
Antonio Brunelli,Antonio Brunelli,1577,1630,,Baroque
Sulpitia Cesis,Sulpitia Cesis,1577,,1619,Baroque
Agostino Agazzari,Agostino Agazzari,1578,1640,,Baroque
John Amner,John Amner,1579,1641,,Baroque
Melchior Franck,Melchior Franck,c. 1579,1639,,Baroque
Adriana Basile,Adriana Basile,c. 1580,c. 1640,,Baroque
Domenico Brunetti,Domenico Brunetti,c. 1580,1646,,Baroque
Andrea Cima,Andrea Cima,c. 1580,after 1627,,Baroque
Jacques Cordier,Jacques Cordier,c. 1580,before 1655,,Baroque
Richard Dering,Richard Dering,c. 1580,1630,,Baroque
Michael East (composer),Michael East,1580,1648,,Baroque
Thomas Ford (composer),Thomas Ford,c. 1580,1648,,Baroque
John Lugg,John Lugg,1580,1647/1655,,Baroque
Johannes Hieronymus Kapsberger,Johannes Hieronymus Kapsberger,c. 1580,1651,,Baroque
Johann Stobäus,Johann Stobäus,1580,1646,,Baroque
Vincenzo Ugolini,Vincenzo Ugolini,c. 1580,1638,,Baroque
François Richard,François Richard,1580,1650,,Baroque
Bellerofonte Castaldi,Bellerofonte Castaldi,c. 1581,1649,,Baroque
Johannes Jeep,Johannes Jeep,1581/1582,1644,,Baroque
Johann Staden,Johann Staden,1581,1634,,Baroque
Gregorio Allegri,Gregorio Allegri,1582,1652,,Baroque
Severo Bonini,Severo Bonini,1582,1663,,Baroque
Marco da Gagliano,Marco da Gagliano,1582,1643,,Baroque
Sigismondo d'India,Sigismondo d'India,c. 1582,1629,,Baroque
Thomas Ravenscroft,Thomas Ravenscroft,c. 1582,c. 1635,,Baroque
Thomas Simpson (composer),Thomas Simpson,1582,1628,,Baroque
Giovanni Valentini,Giovanni Valentini,c. 1582,1649,,Baroque
Paolo Agostino,Paolo Agostino,c. 1583,1629,,Baroque
Girolamo Frescobaldi,Girolamo Frescobaldi,1583,1643,,Baroque
Orlando Gibbons,Orlando Gibbons,1583,1625,,Baroque
Robert Johnson (English composer),Robert Johnson,c. 1583,1634,,Baroque
Johann Daniel Mylius,Johann Daniel Mylius,1583,1642,,Baroque
Mogens Pedersøn,Mogens Pedersøn,c. 1583,1623,,Baroque
Nicolas Vallet,Nicolas Vallet,c. 1583,c. 1642,,Baroque
Michael Altenburg,Michael Altenburg,1584,1640,,Baroque
Antonio Cifra,Antonio Cifra,1584,1629,,Baroque
Francisco Correa de Arauxo,Francisco Correa de Arauxo,1584,1654,,Baroque
Daniel Friderici,Daniel Friderici,1584,1638,,Baroque
Walter Rowe,Walter Rowe,c. 1584,1671,,Baroque
Domenico Allegri,Domenico Allegri,1585,1629,,Baroque
Jean de Bournonville,Jean de Bournonville,1585,1632,,Baroque
Louis Constantin,Louis Constantin,c. 1585,1657,,Baroque
Nicolò Corradini (composer),Nicolò Corradini,c. 1585,1646,,Baroque
Andrea Falconieri,Andrea Falconieri,1585,1656,,Baroque
Johann Grabbe,Johann Grabbe,1585,1655,,Baroque
Alessandro Grandi,Alessandro Grandi,1586,1630,,Baroque
Peter Hasse,Peter Hasse,c. 1585,1640,,Baroque
Stefano Landi,Stefano Landi,1586,1639,,Baroque
Nicolas Signac,Nicolas Signac,1585,1645,,Baroque
Heinrich Schütz,Heinrich Schütz,1585,1672,,Baroque
Francesco Rognoni,Francesco Rognoni,1585,after 1626,,Baroque
Antoine Boësset,Antoine Boësset,1586,1643,,Baroque
Jacob Praetorius,Jacob Praetorius,1586,1651,,Baroque
Claudio Saracini,Claudio Saracini,1586,1630,,Baroque
Johann Hermann Schein,Johann Hermann Schein,1586,1630,,Baroque
Paul Siefert,Paul Siefert,1586,1666,,Baroque
John Adson,John Adson,c. 1587,1640,,Baroque
Francesca Caccini,Francesca Caccini,1587,c. 1640,,Baroque
Ivan Lukačić,Ivan Lukačić,c. 1587,1648,,Baroque
Samuel Scheidt,Samuel Scheidt,1587,1654,,Baroque
Guillaume Bouzignac,Guillaume Bouzignac,1587,1643,,Baroque
Charles d'Ambleville,Charles d'Ambleville,1588,1637,,Baroque
Walter Porter,Walter Porter,1588,1659,,Baroque
Francesco Colombini,Francesco Colombini,1588,1671,,Baroque
Johann Andreas Herbst,Johann Andreas Herbst,1588,1666,,Baroque
Nicholas Lanier,Nicholas Lanier,1588,1666,,Baroque
Marin Mersenne,Marin Mersenne,1588,1648,,Baroque
John Tomkins (composer),John Tomkins,1589,1638,,Baroque
Guilielmus Messaus,Guilielmus Messaus,1589,1640,,Baroque
Francesco Turini,Francesco Turini,1589,1656,,Baroque
Caterina Assandra,Caterina Assandra,c. 1590,after 1618,,Baroque
Artus Aux-Cousteaux,Artus Aux-Cousteaux,c. 1590,1656,,Baroque
Giovanni Pietro Berti,Giovanni Pietro Berti,c. 1590?,1638,,Baroque
Dario Castello,Dario Castello,c. 1590,c. 1658,,Baroque
Giovanni Martino Cesare,Giovanni Martino Cesare,c. 1590,1667,,Baroque
Andreas Chyliński,Andreas Chyliński,c. 1590,after 1635,,Baroque
Jacob van Eyck,Jacob van Eyck,c. 1590,1657,,Baroque
Juan Gutiérrez de Padilla,Juan Gutiérrez de Padilla,c. 1590,1664,,Baroque
Adam Jarzębski,Adam Jarzębski,c. 1590,c. 1648,,Baroque
Manuel Machado (composer),Manuel Machado,c. 1590,1646,,Baroque
Carlo Milanuzzi,Carlo Milanuzzi,c. 1590,c. 1647,,Baroque
Johann Schop,Johann Schop,c. 1590,1667,,Baroque
Johannes Thesselius,Johannes Thesselius,c. 1590?,1643,,Baroque
Lucrezia Orsina Vizzana,Lucrezia Orsina Vizzana,1590,1662,,Baroque
Robert Ramsey (composer),Robert Ramsey,1590s,1644,,Baroque
Richard Mico,Richard Mico,1590,1661,,Baroque
Nicolò Borbone,Nicolò Borbone,c. 1591,1641,,Baroque
Settimia Caccini,Settimia Caccini,1591,1638?,,Baroque
Robert Dowland,Robert Dowland,c. 1591,1641,,Baroque
Isaac Posch,Isaac Posch,1591?,c. 1623,,Baroque
Cornelis Thymenszoon Padbrué,Cornelis Padbrué,c. 1592,1670,,Baroque
Jacques Gaultier,Jacques Gaultier,1592,1652,,Baroque
Paul Auget,Paul Auget,1592,1660,,Baroque
John Jenkins (composer),John Jenkins,1592,1678,,Baroque
Domenico Mazzocchi,Domenico Mazzocchi,1592,1665,,Baroque
Melchior Schildt,Melchior Schildt,1592/1593,1667,,Baroque
Claudia Rusca,Claudia Rusca,1593,1676,,Baroque
Gottfried Scheidt,Gottfried Scheidt,1593,1661,,Baroque
Johann Ulrich Steigleder,Johann Ulrich Steigleder,1593,1635,,Baroque
Nicolas Le Vasseur,Nicolas Le Vasseur,1593,1658,,Baroque
Matthäus Apelles von Löwenstern,Matthäus Apelles von Löwenstern,1594,1648,,Baroque
Francesco Manelli,Francesco Manelli,1594,1667,,Baroque
Biagio Marini,Biagio Marini,1594,1663,,Baroque
Orazio Michi,Orazio Michi,c. 1594,1641,,Baroque
Tarquinio Merula,Tarquinio Merula,1594/1595,1665,,Baroque
Antonio Maria Abbatini,Antonio Maria Abbatini,c. 1595,1680,,Baroque
Giovanni Battista Buonamente,Giovanni Battista Buonamente,c. 1595,1642,,Baroque
Henry Lawes,Henry Lawes,1595,1662,,Baroque
John Okeover,John Okeover,c. 1595,1663,,Baroque
Bartolomé de Selma y Salaverde,Bartolomé de Selma y Salaverde,c. 1595,after 1638,,Baroque
Heinrich Scheidemann,Heinrich Scheidemann,c. 1595,1663,,Baroque
John Wilson (composer),John Wilson,1595,1674,,Baroque
Constantijn Huygens,Constantijn Huygens,1596,1687,,Baroque
Giovanni Rovetta,Giovanni Rovetta,c. 1596,1668,,Baroque
Andreas Düben,Andreas Düben,1597,1662,,Baroque
Virgilio Mazzocchi,Virgilio Mazzocchi,1597,1646,,Baroque
Charles Racquet,Charles Racquet,1597,1664,,Baroque
Luigi Rossi,Luigi Rossi,c. 1597,1653,,Baroque
Johann Crüger,Johann Crüger,1598,1662,,Baroque
Giovanni Battista Fasolo,Giovanni Battista Fasolo,c. 1598,c. 1664,,Baroque
Pierre Gaultier,Pierre Gaultier,1599,1681,,Baroque
John Hilton the younger,John Hilton the younger,c. 1599,1657,,Baroque
Étienne Moulinié,Étienne Moulinié,1599,1676,,Baroque
Thomas Selle,Thomas Selle,1599,1663,,Baroque
John Marchant (composer),John Marchant,,1611,,Baroque
Richard Martin (composer),Richard Martin,,,c. 1610,Baroque
Girolamo Dalla Casa,Girolamo Dalla Casa,,1601,from 1568,Baroque
William Tisdale,William Tisdale,1570,,,Baroque
Henry Lichfild,Henry Lichfild,,1613,,Baroque
John Bartlet,John Bartlet,,,1606–1610,Baroque
Thomas Greaves (musician),Thomas Greaves,,,1604,Baroque
Richard Sumarte,Richard Sumarte,,after 1630,,Baroque
Richard Nicholson (composer),Richard Nicholson,,1639,,Baroque
Jean Boyer (composer),Jean Boyer,15??,1648,,Baroque
Thomas Vautor,Thomas Vautor,1580/1590,?,,Baroque
Henry Youll,Henry Youll,1580/1590,?,,Baroque
George Handford (composer),George Handford,,,c. 1609,Baroque
Robert Tailour,Robert Tailour,,,1615,Baroque
Charles Coleman (composer),Charles Coleman,,1646,,Baroque
William Corkine,William Corkine,,,1610–1617,Baroque
Juan Arañés,Juan Arañés,,c. 1649,1624–49,Baroque
Giovanni Battista Grillo,Giovanni Battista Grillo,,1622,,Baroque
Marcantonio Negri,Marcantonio Negri,,1624,,Baroque
Giovanni Battista Riccio,Giovanni Battista Riccio,,,1609–1621,Baroque
Giuseppe Scarani,Giuseppe Scarani,,,1628–1641,Baroque
Adam of Wągrowiec,Adam z Wągrowca,,1629,,Baroque
Mikołaj Zieleński,Mikołaj Zieleński,,,1611,Baroque
Mlle Bocquet,Mlle Bocquet,early 17th century,after 1660,,Baroque
Alessandro Poglietti,Alessandro Poglietti,early 17th century,1683,,Baroque
François de La Roche,François de La Roche,?,1677,,Baroque
François de Chancy,François de Chancy,?,1656,,Baroque
Henri Frémart,Henry Frémart,16..,1651,,Baroque
Jean Veillot,Jean Veillot,16..,1662,,Baroque
Pierre Méliton,Pierre Méliton,16? , 1684,,Baroque
Antonio de Jesús,Antonio de Jesús,????,1682,,Baroque
Le Sieur de Machy,Demachy,16 ? , 1692,,Baroque
Manuel Correia,Manuel Correia,c. 1600,1653,,Baroque
Giuseppe Giamberti,Giuseppe Giamberti,c.1600 , c. 1663,,Baroque
Bonaventura Rubino,Bonaventura Rubino,c. 1600,1668,,Baroque
Girolamo Fantini,Girolamo Fantini,c. 1600,1675,,Baroque
Simon Ives,Simon Ives,1600,1662,,Baroque
Nicolaus à Kempis,Nicolaus à Kempis,c. 1600,1676,,Baroque
Adam Václav Michna z Otradovic,Adam Václav Michna z Otradovic,c. 1600,1676,,Baroque
Marcin Mielczewski,Marcin Mielczewski,c. 1600,1651,,Baroque
Carlos Patiño,Carlos Patiño,1600,1675,,Baroque
Martino Pesenti,Martino Pesenti,c. 1600,c. 1648,,Baroque
Giovanni Felice Sances,Giovanni Felice Sances,c. 1600,1679,,Baroque
Marco Scacchi,Marco Scacchi,c. 1600,1662,,Baroque
Delphin Strungk,Delphin Strungk,1600/1601,1694,,Baroque
Louis XIII of France,Louis XIII,1601,1643,,Baroque
Michelangelo Rossi,Michelangelo Rossi,c. 1601,1656,,Baroque
Jean-Baptiste Geoffroy,Jean-Baptiste Geoffroy,1601,1675,,Baroque
Jacques Champion de Chambonnières,Jacques Champion de Chambonnières,1601/1602,1672,,Baroque
Francesco Cavalli,Francesco Cavalli,1602,1676,,Baroque
Chiara Margarita Cozzolani,Chiara Margarita Cozzolani,1602,c. 1678,,Baroque
William Lawes,William Lawes,1602,1645,,Baroque
Marco Marazzoli,Marco Marazzoli,c. 1602,1662,,Baroque
Christopher Simpson,Christopher Simpson,c. 1602/1606,1669,,Baroque
Orazio Tarditi,Orazio Tarditi,1602,1677,,Baroque
Benedetto Ferrari,Benedetto Ferrari,c. 1603?,1681,,Baroque
Francesco Foggia,Francesco Foggia,1603,1688,,Baroque
Denis Gaultier,Denis Gaultier,1603,1672,,Baroque
John IV of Portugal,John IV of Portugal,1603,1656,,Baroque
Caspar Kittel,Caspar Kittel,1603,1639,,Baroque
Natale Monferrato,Natale Monferrato,c. 1603,1685,,Baroque
Diego Pontac,Diego Pontac,1603,1654,,Baroque
Marco Uccellini,Marco Uccellini,1603/1610,1680,,Baroque
Heinrich Albert (composer),Heinrich Albert,1604,1651,,Baroque
François Dufault,François Dufault,1604,1670,,Baroque
Bonifazio Graziani,Bonifazio Graziani,1604/1605,1664,,Baroque
Charles Coypeau d'Assoucy,Charles d'Assoucy,1605,1677,,Baroque
Orazio Benevoli,Orazio Benevoli,1605,1672,,Baroque
Antonio Bertali,Antonio Bertali,1605,1669,,Baroque
Giacomo Carissimi,Giacomo Carissimi,1605,1674,,Baroque
Francesco Sacrati,Francesco Sacrati,1605,1650,,Baroque
Johann Vierdanck,Johann Vierdanck,c. 1605,1646,,Baroque
Jean de Cambefort,Jean de Cambefort,1605,1661,,Baroque
Charles Coypeau d'Assoucy,Charles Coypeau d'Assoucy,1605,1677,,Baroque
William Child,William Child,1606,1697,,Baroque
Michel de La Guerre,Michel de La Guerre,c. 1606,1679,,Baroque
Aldebrando Subissati,Aldebrando Subissati,1606,1677,,Baroque
Urbán de Vargas,Urbán de Vargas,1606,1656,,Baroque
Sigmund Theophil Staden,Sigmund Theophil Staden,1607,1655,,Baroque
Abraham Megerle,Abraham Megerle,1607,1680,,Baroque
Philipp Friedrich Böddecker,Philipp Friedrich Böddecker,1607,1683,,Baroque
"Ferdinand III, Holy Roman Emperor#Music",Ferdinand III,1608,1657,,Baroque
Jacques de Gouy,Jacques de Gouy,c. 1610,after 1650,,Baroque
Valentin de Bournonville,Valentin de Bournonville,1610,1663,,Baroque
François Cosset,François Cosset,1610,1664,,Baroque
Nicolas Hotman,Nicolas Hotman,c. 1610,1663,,Baroque
João Lourenço Rebelo,João Lourenço Rebelo,1610,1661,,Baroque
William Young (composer),William Young,c. 1610,1662,,Baroque
Nicolas Métru,Nicolas Métru,1610,1668,,Baroque
Sébastien Le Camus,Sébastien Le Camus,c. 1610,1677,,Baroque
Leonora Duarte,Leonora Duarte,1610,1678,,Baroque
Luigi Battiferri,Luigi Battiferri,c. 1610,after 1682,,Baroque
Henri Dumont,Henri Du Mont,1610,1684,,Baroque
George Jeffreys (composer),George Jeffreys,c. 1610,1685,,Baroque
Michel Lambert,Michel Lambert,1610,1696,,Baroque
Leonora Baroni,Leonora Baroni,1611,1670,,Baroque
Thomas Brewer (composer),Thomas Brewer,1611,c. 1660,,Baroque
Pablo Bruna,Pablo Bruna,1611,1679,,Baroque
Andreas Hammerschmidt,Andreas Hammerschmidt,1611/1612,1675,,Baroque
Wolfgang Ebner,Wolfgang Ebner,1612,1665,,Baroque
Jacques Huyn,Jacques Huyn,1613,1652,,Baroque
Duchess Elisabeth Sophie of Mecklenburg,Elisabeth Sophie,1613,1676,,Baroque
Thomas Mace,Thomas Mace,c. 1613,1709?,,Baroque
Louis de Mollier,Louis de Mollier,c. 1613,1688,,Baroque
Giovanni Antonio Rigatti,Giovanni Antonio Rigatti,c. 1613,1648,,Baroque
Wilhelm Karges,Wilhelm Karges,1613/1614,1699,,Baroque
Jean-Baptiste Boësset,Jean-Baptiste Boësset,1614,1685,,Baroque
Philipp Friedrich Buchner,Philipp Friedrich Buchner,1614,1669,,Baroque
Juan Hidalgo de Polanco,Juan Hidalgo de Polanco,1614,1685,,Baroque
Marc'Antonio Pasqualini,Marc'Antonio Pasqualini,1614,1691,,Baroque
Franz Tunder,Franz Tunder,1614,1667,,Baroque
Yatsuhashi Kengyo,Yatsuhashi Kengyo,1614,1685,,Baroque
Francesca Campana,Francesca Campana,c. 1615,1665,,Baroque
Heinrich Bach,Heinrich Bach,1615,1692,,Baroque
Angelo Michele Bartolotti,Angelo Michele Bartolotti,c. 1615,1696,,Baroque
Guillaume Dumanoir,Guillaume Dumanoir,1615 , 1697,,Baroque
Francesco Corbetta,Francesco Corbetta,c. 1615,1681,,Baroque
Christopher Gibbons,Christopher Gibbons,1615,1676,,Baroque
Francisco López Capillas,Francisco López Capillas,c. 1615,1673,,Baroque
Maurizio Cazzati,Maurizio Cazzati,1616,1678,,Baroque
Kaspar Förster,Kaspar Förster,1616,1673,,Baroque
Johann Jakob Froberger,Johann Jakob Froberger,1616,1667,,Baroque
Johann Erasmus Kindermann,Johann Erasmus Kindermann,1616,1655,,Baroque
Jacques de Saint-Luc,Jacques de Saint-Luc,1616,c. 1710,,Baroque
Matthias Weckmann,Matthias Weckmann,c. 1616,1674,,Baroque
Carlo Caproli,Carlo Caproli,c. 1617,c. 1692,,Baroque
Nicolaus Hasse,Nicolaus Hasse,c. 1617,1672,,Baroque
Francisco Martins,Francisco Martins,c. 1617?,1680,,Baroque
Joan Cererols,Joan Cererols,1618,1680,,Baroque
Abraham van den Kerckhoven,Abraham van den Kerckhoven,c. 1618,c. 1701,,Baroque
José Marín (composer),José Marín,1618,1699,,Baroque
Pierre Robert (composer),Pierre Robert,c. 1618,1699,,Baroque
Giulio Cesare Arresti,Giulio Cesare Arresti,1619,1701,,Baroque
Anthoni van Noordt,Anthoni van Noordt,c. 1619,1675,,Baroque
Johann Rosenmüller,Johann Rosenmüller,1619,1684,,Baroque
Barbara Strozzi,Barbara Strozzi,1619,1677,,Baroque
Juan García de Zéspedes,Juan García de Zéspedes,c. 1619,1678,,Baroque
Janez Krstnik Dolar,Johannes Baptista Dolar,c. 1620,1673,,Baroque
Adam Drese,Adam Drese,c. 1620,1701,,Baroque
Isabella Leonarda,Isabella Leonarda,1620,1704,,Baroque
Johann Heinrich Schmelzer,Johann Heinrich Schmelzer,c. 1620,1680,,Baroque
Giovanni Battista Granata,Giovanni Battista Granata,1620/1621,1687,,Baroque
Georg Arnold,Georg Arnold,1621,1676,,Baroque
Albertus Bryne,Albertus Bryne,1621,1668,,Baroque
Massimiliano Neri (composer),Massimiliano Neri (composer),1621,1666,,Baroque
Matthew Locke (composer),Matthew Locke,c. 1621,1677,,Baroque
Georg Neumark,Georg Neumark,1621,1681,,Baroque
Bertrand de Bacilly,Bertrand de Bacilly,1621,1690,,Baroque
Heinrich Schwemmer,Heinrich Schwemmer,1621,1696,,Baroque
Ercole Bernabei,Ercole Bernabei,1622,1687,,Baroque
Jean Lacquemant,Jean Lacquemant,c. 1622,1680,,Baroque
Gaspar de Verlit,Gaspar de Verlit,1622,1682,,Baroque
Dietrich Becker,Dietrich Becker,c. 1623,c. 1679,,Baroque
Antonio Cesti,Antonio Cesti,1623,1669,,Baroque
Jacopo Melani,Jacopo Melani,1623,1676,,Baroque
David Pohle,David Pohle,1624,1695,,Baroque
Francesco Provenzale,Francesco Provenzale,1624,1704,,Baroque
François Roberday,François Roberday,1624,1680,,Baroque
Johann Rudolph Ahle,Johann Rudolf Ahle,1625,1673,,Baroque
Alexandre Gallot,Alexandre Gallot,1625,1684,,Baroque
Jacques Gallot,Jacques Gallot,c. 1625,1695,,Baroque
Marco Giuseppe Peranda,Marco Giuseppe Peranda,c. 1625,1675,,Baroque
Wolfgang Carl Briegel,Wolfgang Carl Briegel,1626,1712,,Baroque
Louis Couperin,Louis Couperin,c. 1626,1661,,Baroque
Christian Flor,Christian Flor,1626,1697,,Baroque
Giovanni Legrenzi,Giovanni Legrenzi,1626,1690,,Baroque
Charles Mouton,Charles Mouton,1626,1710,,Baroque
Lucas Ruiz de Ribayaz,Lucas Ruiz de Ribayaz,1626,1667?,,Baroque
Nicolas Gigault,Nicolas Gigault,c. 1627,1707,,Baroque
Johann Caspar Kerll,Johann Caspar Kerll,1627,1693,,Baroque
Christoph Bernhard,Christoph Bernhard,1628,1692,,Baroque
Robert Cambert,Robert Cambert,c. 1628,1677,,Baroque
Samuel Capricornus,Samuel Capricornus,1628,1665,,Baroque
Constantin Christian Dedekind,Constantin Christian Dedekind,1628,1715,,Baroque
Gustaf Düben,Gustaf Düben,1628,1690,,Baroque
Paul Hainlein,Paul Hainlein,1628,1686,,Baroque
Jean-Henri d'Anglebert,Jean-Henri d'Anglebert,1629,1691,,Baroque
Lelio Colista,Lelio Colista,1629,1680,,Baroque
Lady Mary Dering,Lady Mary Dering,1629,1704,,Baroque
Andreas Hofer (composer),Andreas Hofer,1629,1684,,Baroque
Johann Michael Nicolai,Johann Michael Nicolai,1629,1685,,Baroque
John Banister (composer),John Banister,c. 1630,1679,,Baroque
Cristóbal Galán,Cristóbal Galán,c. 1630,1684,,Baroque
Filipe da Madre de Deus,Filipe da Madre de Deus,c. 1630,c. 1688 or later,,Baroque
Carlo Pallavicino,Carlo Pallavicino,c. 1630,1688,,Baroque
Giovanni Antonio Pandolfi Mealli,Giovanni Antonio Pandolfi Mealli,c. 1630?,1669/1670,,Baroque
Antonio Sartorio,Antonio Sartorio,1630,1680,,Baroque
Vincenzo Albrici,Vincenzo Albrici,1631,1696,,Baroque
Thomas Baltzar,Thomas Baltzar,c. 1631,1663,,Baroque
Nicolas Lebègue,Nicolas Lebègue,1631,1702,,Baroque
Sebastian Anton Scherer,Sebastian Anton Scherer,1631,1712,,Baroque
Francesco Antonio Urio,Francesco Antonio Urio,1631/1632,c. 1719,,Baroque
Jean-Baptiste Lully,Jean-Baptiste Lully,1632,1687,,Baroque
Guillaume-Gabriel Nivers,Guillaume-Gabriel Nivers,1632,1714,,Baroque
Giovanni Battista Vitali,Giovanni Battista Vitali,1632,1692,,Baroque
Jean-Nicolas Geoffroy,Jean-Nicolas Geoffroy,1633,1694,,Baroque
Sebastian Knüpfer,Sebastian Knüpfer,1633,1676,,Baroque
Joseph Chabanceau de La Barre,Joseph Chabanceau de La Barre,1633,1678,,Baroque
Pavel Josef Vejvanovský,Pavel Josef Vejvanovský,c. 1633/1639,1693,,Baroque
Innocent Boutry,Innocent Boutry,1634,1690-95,,Baroque
Clamor Heinrich Abel,Clamor Heinrich Abel,1634,1696,,Baroque
Antonio Draghi,Antonio Draghi,c. 1634,1700,,Baroque
Carlo Grossi,Carlo Grossi,c. 1634,1688,,Baroque
Adam Krieger,Adam Krieger,1634,1666,,Baroque
Andrés de Sola,Andrés de Sola,1634,1696,,Baroque
Pietro Simone Agostini,Pietro Simone Agostini,c. 1635,1680,,Baroque
Lambert Chaumont,Lambert Chaumont,c. 1635,1712,,Baroque
Jacques Thomelin,Jacques Thomelin,1635 , 40 ? -1693,,Baroque
Daniel Danielis,Daniel Danielis,1635,1696,,Baroque
Johann Wilhelm Furchheim,Johann Wilhelm Furchheim,c. 1635,1682,,Baroque
Miguel de Irízar,Miguel de Irízar,1635,1684,,Baroque
Joannes Florentius a Kempis,Joannes Florentius a Kempis,1635,after 1711,,Baroque
"Paul I, Prince Esterházy",Paul I,1635,1713,,Baroque
Augustin Pfleger,Augustin Pfleger,1635,1686,,Baroque
Jacek Różycki,Jacek Różycki,c. 1635,1704,,Baroque
Angelo Berardi,Angelo Berardi,c. 1636,1694,,Baroque
Giovanni Battista degli Antonii,Giovanni Battista degli Antonii,c. 1636?,after 1696,,Baroque
Esaias Reusner,Esaias Reusner,1636,1679,,Baroque
Dieterich Buxtehude,Dieterich Buxtehude,c. 1637,1707,,Baroque
Giovanni Paolo Colonna,Giovanni Paolo Colonna,1637,1695,,Baroque
Johann Georg Ebeling,Johann Georg Ebeling,1637,1676,,Baroque
Louis-Nicolas Le Prince,Louis-Nicolas Le Prince,1637,1693,,Baroque
Louis Chein,Louis Chein,1637,1694,,Baroque
Giovanni Maria Pagliardi,Giovanni Maria Pagliardi,1637,1702,,Baroque
Bernardo Pasquini,Bernardo Pasquini,1637,1710,,Baroque
Diogo Dias Melgás,Diogo Dias Melgás,1638,1700,,Baroque
Giovanni Buonaventura Viviani,Giovanni Buonaventura Viviani,1638,c. 1693,,Baroque
Pietro degli Antonii,Pietro degli Antonii,1639,1720,,Baroque
António Marques Lésbio,António Marques Lésbio,1639,1709,,Baroque
Alessandro Melani,Alessandro Melani,1639,1703,,Baroque
Johann Christoph Pezel,Johann Christoph Pezel,1639,1694,,Baroque
Juan García de Salazar,Juan García de Salazar,1639,1710,,Baroque
André Raison,André Raison,1640s,1719,,Baroque
Amalia Catharina,Amalia Catharina,1640,1697,,Baroque
Antonia Bembo,Antonia Bembo,c. 1640,1720,,Baroque
Cristoforo Caresana,Cristoforo Caresana,c. 1640,1709,,Baroque
Giovanni Battista Draghi (composer),Giovanni Battista Draghi,c. 1640,1708,,Baroque
Carolus Hacquart,Carolus Hacquart,c. 1640,1701?,,Baroque
"Leopold I, Holy Roman Emperor#Music",Leopold I,1640,1705,,Baroque
Paolo Lorenzani,Paolo Lorenzani,1640,1713,,Baroque
Carl Rosier,Carl Rosier,1640,1725,,Baroque
Monsieur de Sainte-Colombe,Monsieur de Sainte-Colombe,c. 1640,c. 1700,,Baroque
Gaspar Sanz,Gaspar Sanz,1640,1710,,Baroque
Nicolaus Adam Strungk,Nicolaus Adam Strungk,1640,1700,,Baroque
Esther Elizabeth Velkiers,Esther Elizabeth Velkiers,c. 1640,after 1685,,Baroque
Maria Francesca Nascinbeni,Maria Francesca Nascinbeni,1640,1680,,Baroque
Francesco Beretta,Francesco Beretta,c. 1640 , 1694,,Baroque
Wolfgang Caspar Printz,Wolfgang Caspar Printz,1641,1717,,Baroque
"Pierre Gaultier,","Pierre Gaultier,",1642,1696,,Baroque
Johann Friedrich Alberti,Johann Friedrich Alberti,1642,1710,,Baroque
Georg Christoph Bach,Georg Christoph Bach,1642,1697,,Baroque
Johann Christoph Bach,Johann Christoph Bach,1642,1703,,Baroque
Giovanni Maria Bononcini,Giovanni Maria Bononcini,1642,1678,,Baroque
Benedictus Buns,Benedictus Buns,1642,1716,,Baroque
Michelangelo Falvetti,Michelangelo Falvetti,1642,1692,,Baroque
Pierre-Richard Menault,Pierre-Richard Menault,1642,1694,,Baroque
Friedrich Funcke,Friedrich Funcke,1642,1699,,Baroque
Marc-Antoine Charpentier,Marc-Antoine Charpentier,1643,1704,,Baroque
Johann Adam Reincken,Johann Adam Reincken,1643?,1722,,Baroque
Alessandro Stradella,Alessandro Stradella,1643,1682,,Baroque
Ignazio Albertini,Ignazio Albertini,1644,1685,,Baroque
Heinrich Ignaz Franz von Biber,Heinrich Ignaz Franz von Biber,1644,1704,,Baroque
Juan Bautista Cabanilles,Juan Bautista Cabanilles,1644,1712,,Baroque
Maria Cattarina Calegari,Maria Cattarina Calegari,1644,1675,,Baroque
Johann Samuel Drese,Johann Samuel Drese,c. 1644,1716,,Baroque
Johann Wolfgang Franck,Johann Wolfgang Franck,1644,1710,,Baroque
Tomás de Torrejón y Velasco,Tomás de Torrejón y Velasco,1644,1728,,Baroque
Johann Georg Conradi,Johann Georg Conradi,1645,1699,,Baroque
August Kühnel,August Kühnel,1645,c. 1700,,Baroque
Johann Löhner,Johann Löhner,1645,1705,,Baroque
Carlo Ambrogio Lonati,Carlo Ambrogio Lonati,c. 1645,1710,,Baroque
Pierre Tabart,Pierre Tabart,1645,1717,,Baroque
Christian Ritter,Christian Ritter,c. 1645,c. 1725,,Baroque
Andreas Werckmeister,Andreas Werckmeister,1645,1706,,Baroque
Juan de Araujo,Juan de Araujo,1646,1712,,Baroque
Johann Fischer (composer),Johann Fischer,1646,1716,,Baroque
Rupert Ignaz Mayr,Rupert Ignaz Mayr,1646,1712,,Baroque
René Pignon Descoteaux,René Pignon Descoteaux,c. 1646,1728,,Baroque
Johann Theile,Johann Theile,1646,1724,,Baroque
Pelham Humfrey,Pelham Humfrey,1647,1674,,Baroque
Antonio Teodoro Ortells,Antonio Teodoro Ortells,1647,1702,,Baroque
Michael Wise,Michael Wise,c. 1647,1687,,Baroque
Pierre Danican Philidor,Pierre Danican Philidor,1647,1730,,Baroque
Johann Michael Bach,Johann Michael Bach,1648,1694,,Baroque
Johann Melchior Caesar,Johann Melchior Caesar,c. 1648,1692,,Baroque
Giovanni Maria Capelli,Giovanni Maria Capelli,1648,1726,,Baroque
David Funck,David Funck,1648?,after 1690,,Baroque
Johann Schelle,Johann Schelle,1648,1701,,Baroque
Poul Christian Schindler,Poul Christian Schindler,1648,1740,,Baroque
Giuseppe Antonio Bernabei,Giuseppe Antonio Bernabei,1649,1732,,Baroque
John Blow,John Blow,1649,1708,,Baroque
Jacques Boyvin,Jacques Boyvin,1649,1706,,Baroque
Pieter Bustijn,Pieter Bustijn,c. 1649,1729,,Baroque
Pascal Collasse,Pascal Collasse,1649,1709,,Baroque
Michel Farinel,Michel Farinel,1649,1726,,Baroque
Francesc Guerau,Francesc Guerau,1649,1717/1722,,Baroque
Andreas Kneller,Andreas Kneller,1649,1724,,Baroque
Johann Philipp Krieger,Johann Philipp Krieger,1649,1725,,Baroque
Johann Valentin Meder,Johann Valentin Meder,1649,1719,,Baroque
François-Joseph Salomon,François-Joseph Salomon,1649,1732,,Baroque
Pedro de Araújo,Pedro de Araújo,,,1662–1705,Baroque
Alba Trissina,Alba Trissina,1622,,,Baroque
Bartholomäus Aich,Bartholomäus Aich,,,1648,Baroque
Gioan Pietro Del Buono,Gioan Pietro Del Buono,,1657,1641–1644,Baroque
John Gamble (musician),John Gamble,,1687,from 1641,Baroque
Gervise Gerrard,Gervise Gerrard,16??,16??,,Baroque
Bernardo Gianoncelli,Bernardo Gianoncelli,,before 1650,early 17th century,Baroque
Louis Grabu,Louis Grabu,,,1665–1693,Baroque
Nicola Matteis,Nicola Matteis,,after 1713,c. 1670–1698,Baroque
Peter Mohrhardt,Peter Mohrhardt,,1685,from 1662,Baroque
Bartłomiej Pękiel,Bartłomiej Pękiel,,c. 1670,,Baroque
Bernardo Sabadini,Bernardo Sabadini,,1718,from 1662,Baroque
Louis Saladin,Louis Saladin,,,c. 1670,Baroque
Bernardo Storace,Bernardo Storace,,,1664,Baroque
Cataldo Amodei,Cataldo Amodei,c. 1650,c. 1695,,Baroque
Giovanni Battista Bassani,Giovanni Battista Bassani,c. 1650,1716,,Baroque
Giovanni Battista Brevi,Giovanni Battista Brevi,c. 1650,1725,,Baroque
Christian Geist,Christian Geist,c. 1650,1711,,Baroque
Jan Antonín Losy,Johann Anton Losy,c. 1650,1721,,Baroque
Guillaume Minoret,Guillaume Minoret,c. 1650,1717/1720,,Baroque
Juan de Navas,Juan Francisco de Navas,c. 1650,1719,,Baroque
Antonio de Salazar (composer),Antonio de Salazar,c. 1650,1715,,Baroque
Stanisław Sylwester Szarzyński,Stanisław Sylwester Szarzyński,c. 1650,c. 1720,,Baroque
Theobaldo di Gatti,Theobaldo di Gatti,1650,1727,,Baroque
Pietro Torri,Pietro Torri,1650,1737,,Baroque
Robert de Visée,Robert de Visée,c. 1650,1732/1733,,Baroque
Johann Jakob Walther,Johann Jacob Walther,1650,1717,,Baroque
Johann Georg Ahle,Johann Georg Ahle,1651,1706,,Baroque
Petronio Franceschini,Petronio Franceschini,1651,1680,,Baroque
Domenico Gabrielli,Domenico Gabrielli,1651/1659,1690,,Baroque
Gilles Jullien,Gilles Jullien,c. 1651/1653,1703,,Baroque
Johann Krieger,Johann Krieger,1651,1735,,Baroque
Jean-François Lalouette,Jean-François Lalouette,1651,1728,,Baroque
David Petersen (composer),David Petersen,c. 1651,1737,,Baroque
Ferdinand Tobias Richter,Ferdinand Tobias Richter,1651,1711,,Baroque
William Turner (composer),William Turner,1651,1740,,Baroque
Johann Philipp Förtsch,Johann Philipp Förtsch,1652,1732,,Baroque
Romanus Weichlein,Romanus Weichlein,1652,1706,,Baroque
John Abell,John Abell,1653,after 1724,,Baroque
Arcangelo Corelli,Arcangelo Corelli,1653,1713,,Baroque
Georg Muffat,Georg Muffat,1653,1704,,Baroque
Johann Pachelbel,Johann Pachelbel,1653,1706,,Baroque
Carlo Francesco Pollarolo,Carlo Francesco Pollarolo,c. 1653,1723,,Baroque
Johann Christoph Rothe,Johann Christoph Rothe,1653,1700,,Baroque
Agostino Steffani,Agostino Steffani,1653,1728,,Baroque
Marc'Antonio Ziani,Marc'Antonio Ziani,c. 1653,1715,,Baroque
Pietro Antonio Fiocco,Pietro Antonio Fiocco,1654,1714,,Baroque
Servaes de Koninck,Servaes de Koninck,c. 1654,c. 1701,,Baroque
Christian Liebe,Christian Liebe,1654,1708,,Baroque
Vincent Lübeck,Vincent Lübeck,1654,1740,,Baroque
Pablo Nassarre,Pablo Nassarre,c. 1654,c. 1730,,Baroque
Ludovico Roncalli,Ludovico Roncalli,1654,1713,,Baroque
Pierre Bouteiller,Pierre Bouteiller,1655,1717,,Baroque
Sébastien de Brossard,Sébastien de Brossard,1655,1730,,Baroque
Ruggiero Fedeli,Ruggiero Fedeli,c. 1655,1722,,Baroque
Juan de Lima Serqueira,Juan Serqueira de Lima,c. 1655,c. 1726,,Baroque
Johann Caspar Ferdinand Fischer,Johann Caspar Ferdinand Fischer,1656,1746,,Baroque
Marin Marais,Marin Marais,1656,1728,,Baroque
Jean-Baptiste Moreau,Jean-Baptiste Moreau,1656,1733,,Baroque
Jacques Paisible,James Paisible,c. 1656,1721,,Baroque
Georg Reutter,Georg Reutter,1656,1738,,Baroque
Thomas Tudway,Thomas Tudway,c. 1656,1726,,Baroque
Matías Juan de Veana,Matías Juan de Veana,c. 1656,after 1708,,Baroque
Johann Paul von Westhoff,Johann Paul von Westhoff,1656,1705,,Baroque
Philipp Heinrich Erlebach,Philipp Heinrich Erlebach,1657,1714,,Baroque
Michel-Richard de Lalande,Michel-Richard de Lalande,1657,1726,,Baroque
Gaetano Greco,Gaetano Greco,c. 1657,c. 1728,,Baroque
Giuseppe Ottavio Pitoni,Giuseppe Ottavio Pitoni,1657,1743,,Baroque
Damian Stachowicz,Damian Stachowicz,1658,1699,,Baroque
Giuseppe Torelli,Giuseppe Torelli,1658,1709,,Baroque
Sybrand van Noordt the younger,Sybrandus van Noordt,1659,1705,,Baroque
Henry Purcell,Henry Purcell,1659,1695,,Baroque
Francesco Antonio Pistocchi,Francesco Antonio Pistocchi,1659,1726,,Baroque
Theodor Schwartzkopff,Theodor Schwartzkopff,1659,1732,,Baroque
Antonio Veracini,Antonio Veracini,1659,1745,,Baroque
Giovanni Henrico Albicastro,Henrico Albicastro,c. 1660,after 1730,,Baroque
Rosa Giacinta Badalla,Rosa Giacinta Badalla,c. 1660,c. 1710,,Baroque
Francesco Ballaroti,Francesco Ballaroti,c. 1660,1712,,Baroque
Bartolomeo Bernardi,Bartolomeo Bernardi,c. 1660,1732,,Baroque
André Campra,André Campra,1660,1744,,Baroque
Jerónimo de Carrión,Jerónimo de Carrión,1660,1721,,Baroque
Sebastián Durón,Sebastián Durón,1660,1716,,Baroque
Gottfried Finger,Gottfried Finger,1660,1730,,Baroque
Johann Joseph Fux,Johann Joseph Fux,1660,1741,,Baroque
Friedrich Gottlieb Klingenberg,Friedrich Gottlieb Klingenberg,c. 1660?,1720,,Baroque
Johann Kuhnau,Johann Kuhnau,1660,1722,,Baroque
Johann Sigismund Kusser,Johann Sigismund Kusser,1660,1727,,Baroque
Gaspard Le Roux,Gaspard Le Roux,c. 1660,1707,,Baroque
Jacques-François Lochon,Jacques-François Lochon,c. 1660,c. 1710,,Baroque
Monsieur de Sainte-Colombe the younger,Monsieur de Sainte-Colombe,c. 1660,c. 1720,,Baroque
Alessandro Scarlatti,Alessandro Scarlatti,1660,1725,,Baroque
Johannes Schenck,Johannes Schenck,1660,c. 1712,,Baroque
Christian Friedrich Witt,Christian Friedrich Witt,c. 1660,1717,,Baroque
Georg Böhm,Georg Böhm,1661,1733,,Baroque
Henri Desmarets,Henri Desmarest,1661,1741,,Baroque
Francesco Gasparini,Francesco Gasparini,1661,1727,,Baroque
Giacomo Antonio Perti,Giacomo Antonio Perti,1661,1756,,Baroque
Giovanni Lorenzo Lulier,Giovanni Lorenzo Lulier,c. 1662?,1700,,Baroque
Angiola Teresa Moratori Scanabecchi,Angiola Teresa Moratori Scanabecchi,1662,1708,,Baroque
Jean-Baptiste Drouart de Bousset,Jean-Baptiste Drouard de Bousset,1662,1725,,Baroque
Pirro Albergati,Pirro Capacelli Albergati,1663,1735,,Baroque
Johann Nikolaus Hanff,Johann Nikolaus Hanff,1663,1711,,Baroque
Franz Xaver Murschhauser,Franz Xaver Murschhauser,1663,1738,,Baroque
Jean-Baptiste Matho,Jean-Baptiste Matho,1663,1743,,Baroque
Nicolas Siret,Nicolas Siret,1663,1754,,Baroque
Tomaso Antonio Vitali,Tomaso Antonio Vitali,1663,1745,,Baroque
Friedrich Wilhelm Zachau,Friedrich Wilhelm Zachau,1663,1712,,Baroque
Jean Mignon,Jean Mignon,1664,1694,,Baroque
Nicolas Bernier,Nicolas Bernier,1664,1734,,Baroque
Georg Dietrich Leyding,Georg Dietrich Leyding,1664,1710,,Baroque
Pierre Dandrieu,Pierre Dandrieu,1664,1733,,Baroque
Louis Lully,Louis Lully,1664,1734,,Baroque
Michele Mascitti,Michele Mascitti,c. 1664,1760,,Baroque
Georg Österreich,Georg Österreich,1664,1735,,Baroque
Johann Christoph Pez,Johann Christoph Pez,1664,1716,,Baroque
Daniel Purcell,Daniel Purcell,1664,1717,,Baroque
Johann Speth,Johann Speth,1664,after 1719,,Baroque
Filippo Amadei,Filippo Amadei,c. 1665,c. 1725,,Baroque
Benedikt Anton Aufschnaiter,Benedikt Anton Aufschnaiter,1665,1742,,Baroque
Nicolaus Bruhns,Nicolaus Bruhns,1665,1697,,Baroque
Grzegorz Gerwazy Gorczycki,Grzegorz Gerwazy Gorczycki,c. 1665/1667,1734,,Baroque
Élisabeth Jacquet de La Guerre,Élisabeth Jacquet de La Guerre,1665,1729,,Baroque
Joseph Valette de Montigny,Joseph Valette de Montigny,1665,1738,,Baroque
Jean-Baptiste Lully fils,Jean-Baptiste Lully fils,1665,1743,,Baroque
Giovanni Maria Ruggieri,Giovanni Maria Ruggieri,c. 1665,c. 1725,,Baroque
José de Torres,José de Torres y Martínez Bravo,1665,1738,,Baroque
Francisco Valls,Francisco Valls,1665,1747,,Baroque
Gaetano Veneziano,Gaetano Veneziano,1665,1716,,Baroque
Domenico Zanatta,Domenico Zanatta,c. 1665,1748,,Baroque
Jean-Conrad Baustetter,Jean-Conrad Baustetter,1666,1722,,Baroque
Attilio Ariosti,Attilio Ariosti,1666,1729,,Baroque
Johann Heinrich Buttstett,Johann Heinrich Buttstett,1666,1727,,Baroque
Alphonse d'Eve,Alphonse d'Eve,1666,1727,,Baroque
Michelangelo Faggioli,Michelangelo Faggioli,1666,1733,,Baroque
Jean-Féry Rebel,Jean-Féry Rebel,1666,1747,,Baroque
Francesco Scarlatti,Francesco Scarlatti,1666,c. 1741,,Baroque
Bernardo Tonini,Bernardo Tonini,c. 1666,after 1727,,Baroque
Georg Bronner,Georg Bronner,1667,1720,,Baroque
Antonio Lotti,Antonio Lotti,c. 1667,1740,,Baroque
Jean-Louis Lully,Jean-Louis Lully,1667,1688,,Baroque
Michel Pignolet de Montéclair,Michel Pignolet de Montéclair,1667,1737,,Baroque
Johann Christoph Pepusch,Johann Christoph Pepusch,1667,1752,,Baroque
François Couperin,François Couperin,1668,1733,,Baroque
John Eccles (composer),John Eccles,1668,1735,,Baroque
Jean Gilles (composer),Jean Gilles,1668,1705,,Baroque
Giorgio Gentili,Giorgio Gentili,c. 1668,after 1731,,Baroque
Georg von Bertouch,Georg von Bertouch,1668,1743,,Baroque
Jean-Baptiste Gouffet,Jean-Baptiste Gouffet,1669,1729,,Baroque
Johann Nicolaus Bach,Johann Nicolaus Bach,1669,1753,,Baroque
Louis Marchand,Louis Marchand,1669,1732,,Baroque
Alessandro Marcello,Alessandro Marcello,1669,1747,,Baroque
Andreas Armsdorff,Andreas Armsdorff,1670,1699,,Baroque
Giuseppe Avitrano,Giuseppe Avitrano,c. 1670,1756,,Baroque
Giovanni Bononcini,Giovanni Bononcini,1670,1747,,Baroque
Giuseppe Boniventi,Giuseppe Boniventi,1670,1727,,Baroque
Christian Ludwig Boxberg,Christian Ludwig Boxberg,1670,1729,,Baroque
Arnold Brunckhorst,Arnold Brunckhorst,1670,1725,,Baroque
Louis de Caix d'Hervelois,Louis de Caix d'Hervelois,c. 1670,c. 1760,,Baroque
Antonio Caldara,Antonio Caldara,1670,1736,,Baroque
Turlough O'Carolan,Turlough O'Carolan,1670,1738,,Baroque
Charles Dieupart,Charles Dieupart,c. 1670,c. 1740,,Baroque
Henry Eccles,Henry Eccles,1670,1742,,Baroque
David Kellner,David Kellner,1670,1748,,Baroque
Richard Leveridge,Richard Leveridge,1670,1758,,Baroque
Benedetto Vinaccesi,Benedetto Vinaccesi,c. 1670,1719,,Baroque
Jean-Baptiste Volumier,Jean-Baptiste Volumier,1670,1728,,Baroque
Johann Hugo von Wilderer,Johann Hugo von Wilderer,1670/1671,1724,,Baroque
Tomaso Albinoni,Tomaso Giovanni Albinoni,1671,1751,,Baroque
Giuseppe Aldrovandini,Giuseppe Aldrovandini,1671,1707,,Baroque
Johann Christoph Bach (1671-1721),Johann Christoph Bach,1671,1721,,Baroque
Azzolino Bernardino della Ciaja,Azzolino della Ciaja,1671,1755,,Baroque
Gaspard Corrette,Gaspard Corrette,c. 1671,before 1733,,Baroque
Charles-Hubert Gervais,Charles-Hubert Gervais,1671,1744,,Baroque
Teodorico Pedrini,Teodorico Pedrini,1671,1746,,Baroque
François Estienne,François Estienne,1671,1755,,Baroque
Robert Valentine (composer),Robert Valentine,c. 1671,1747,,Baroque
Carlo Agostino Badia,Carlo Agostino Badia,1672,1738,,Baroque
Francesco Antonio Bonporti,Francesco Antonio Bonporti,1672,1749,,Baroque
André Cardinal Destouches,André Cardinal Destouches,1672,1749,,Baroque
Nicolas de Grigny,Nicolas de Grigny,1672,1703,,Baroque
François Duval (disambiguation),François Duval,1672 , 1728,,Baroque
Francesco Mancini (composer),Francesco Mancini,1672,1737,,Baroque
Antoine Forqueray,Antoine Forqueray,1672,1745,,Baroque
Georg Caspar Schürmann,Georg Caspar Schürmann,1672/1673,1751,,Baroque
Petrus Hercules Brehy,Petrus Hercules Brehy,1673,1737,,Baroque
Antonio de Literes,Antonio de Literes,1673,1747,,Baroque
Santiago de Murcia,Santiago de Murcia,1673,1739,,Baroque
Jeremiah Clarke,Jeremiah Clarke,c. 1674,1707,,Baroque
Reinhard Keiser,Reinhard Keiser,1674,1739,,Baroque
Pierre Dumage,Pierre Dumage,c. 1674,1751,,Baroque
Jacques-Martin Hotteterre,Jacques-Martin Hotteterre,1674,1763,,Baroque
Evaristo Felice Dall'Abaco,Evaristo Felice Dall'Abaco,1675,1742,,Baroque
Michel de la Barre,Michel de la Barre,c. 1675,1745,,Baroque
Louis de La Coste,Louis de La Coste,c. 1675,c. 1750,,Baroque
Pietro Paolo Laurenti,Pietro Paolo Laurenti,1675,1719,,Baroque
Jacques de Bournonville,Jacques de Bournonville,1675,175?,,Baroque
Giovanni Porta,Giovanni Porta,c. 1675,1755,,Baroque
Obadiah Shuttleworth,Obadiah Shuttleworth,c. 1675?,1734,,Baroque
Francesco Venturini,Francesco Venturini,c. 1675,1745,,Baroque
Johann Bernhard Bach,Johann Bernhard Bach,1676,1749,,Baroque
Diogenio Bigaglia,Diogenio Bigaglia,1676,1745,,Baroque
Louis-Nicolas Clérambault,Louis-Nicolas Clérambault,1676,1749,,Baroque
Thomas-Louis Bourgeois,Thomas-Louis Bourgeois,1676,1750,,Baroque
Giacomo Facco,Giacomo Facco,1676,1753,,Baroque
Nicolas Racot de Grandval,Nicolas Racot de Grandval,1676,1753,,Baroque
Wolff Jakob Lauffensteiner,Wolff Jakob Lauffensteiner,1676,1754,,Baroque
Giuseppe Maria Orlandini,Giuseppe Maria Orlandini,1676,1760,,Baroque
John Weldon (musician),John Weldon,1676,1736,,Baroque
Jean-Baptiste Anet,Jean-Baptiste Anet,1676 , 1755,,Baroque
Johann Ludwig Bach,Johann Ludwig Bach,1677,1731,,Baroque
Antonio Maria Bononcini,Antonio Maria Bononcini,1677,1726,,Baroque
Giovanni Carlo Maria Clari,Giovanni Carlo Maria Clari,1677,1754,,Baroque
Johann Wilhelm Drese,Johann Wilhelm Drese,1677,1745,,Baroque
Nicola Fago,Francesco Nicola Fago,1677,1745,,Baroque
Jean-Baptiste Morin (composer),Jean-Baptiste Morin,1677,1745,,Baroque
Alexandre Villeneuve,Alexandre Villeneuve,1677,1758,,Baroque
Christian Petzold (composer),Christian Petzold,1677,1733,,Baroque
Bonaventure Gilles,Bonaventure Gilles,1678?,1758,,Baroque
William Croft,William Croft,1678,1727,,Baroque
Ferdinando Antonio Lazzari,Ferdinando Antonio Lazzari,1678,1754,,Baroque
Giovanni Antonio Piani,Giovanni Antonio Piani,1678,1760,,Baroque
Antonio Vivaldi,Antonio Vivaldi,1678,1741,,Baroque
Manuel de Zumaya,Manuel de Zumaya,c. 1678,1755,,Baroque
Georg Friedrich Kauffmann,Georg Friedrich Kauffmann,1679,1735,,Baroque
Domenico Sarro,Domenico Sarro,1679,1744,,Baroque
Pietro Filippo Scarlatti,Pietro Filippo Scarlatti,1679,1750,,Baroque
Johann Christian Schieferdecker,Johann Christian Schieferdecker,1679,1732,,Baroque
Jan Dismas Zelenka,Jan Dismas Zelenka,1679,1745,,Baroque
Françoise-Charlotte de Senneterre Ménétou,Françoise-Charlotte de Senneterre Ménétou,1679,1745,,Baroque
Toussaint Bertin de la Doué,Toussaint Bertin de la Doué,c. 1680,1743,,Baroque
William Corbett (composer),William Corbett,1680,1748,,Baroque
Giuseppe Fedeli,Giuseppe Fedeli,c. 1680,c. 1745,,Baroque
Jean-Adam Guilain,Jean-Adam Guilain,c. 1680,after 1739,,Baroque
Jean-Baptiste Loeillet of London,Jean-Baptiste Loeillet ''of London'',1680,1730,,Baroque
Giovanni Mossi,Giovanni Mossi,c. 1680?,1742,,Baroque
Jacques Morel (composer),Jacques Morel (composer),c. 1680 , c. 1740,,Baroque
Jean-Baptiste Stuck,Jean-Baptiste Stuck,1680,1755,,Baroque
Richard Jones (composer),Richard Jones,1680,1744,,Baroque
Emanuele d'Astorga,Emanuele d'Astorga,1681,1736,,Baroque
Carl Heinrich Biber,Carl Heinrich Biber,1681,1749,,Baroque
Francesco Bartolomeo Conti,Francesco Bartolomeo Conti,1681,1732,,Baroque
Johann Mattheson,Johann Mattheson,1681,1764,,Baroque
Anne Danican Philidor,Anne Danican Philidor,1681,1728,,Baroque
Giovanni Reali (composer),Giovanni Reali,c. 1681,after 1727,,Baroque
Georg Philipp Telemann,Georg Philipp Telemann,1681,1767,,Baroque
Giuseppe Valentini,Giuseppe Valentini,1681,1753,,Baroque
Paolo Benedetto Bellinzani,Paolo Benedetto Bellinzani,1682,1757,,Baroque
Giacobbe Cervetto,Giacobbe Cervetto,c. 1682,1783,,Baroque
Jean-François Dandrieu,Jean-François Dandrieu,c. 1682,1738,,Baroque
Jean-Joseph Mouret,Jean-Joseph Mouret,1682,1738,,Baroque
Valentin Rathgeber,Valentin Rathgeber,1682,1750,,Baroque
Pietro Baldassare,Pietro Baldassare,c. 1683,after 1768,,Baroque
Roque Ceruti,Roque Ceruti,c. 1683,1760,,Baroque
Christoph Graupner,Christoph Graupner,1683,1760,,Baroque
Johann David Heinichen,Johann David Heinichen,1683,1729,,Baroque
Jean-Philippe Rameau,Jean-Philippe Rameau,1683,1764,,Baroque
Giovanni Veneziano,Giovanni Veneziano,1683,1742,,Baroque
François d'Agincourt,François d'Agincourt,1684,1758,,Baroque
François Bouvard,François Bouvard,c. 1684,1760,,Baroque
Bohuslav Matěj Černohorský,Bohuslav Matěj Černohorský,1684,1742,,Baroque
Francesco Durante,Francesco Durante,1684,1755,,Baroque
Francesco Manfredini,Francesco Manfredini,1684,1762,,Baroque
Johann Jacob de Neufville,Johann Jacob de Neufville,1684,1712,,Baroque
Johann Theodor Roemhildt,Johann Theodor Roemhildt,1684,1756,,Baroque
Johann Gottfried Walther,Johann Gottfried Walther,1684,1748,,Baroque
Giuseppe Matteo Alberti,Giuseppe Matteo Alberti,1685,1751,,Baroque
Johann Sebastian Bach,Johann Sebastian Bach,1685,1750,,Baroque
Louis-Antoine Dornel,Louis-Antoine Dornel,c. 1685,1765,,Baroque
Lodovico Giustini,Lodovico Giustini,1685,1743,,Baroque
Henri-Guillaume Hamal,Henri-Guillaume Hamal,1685,1752,,Baroque
George Frideric Handel,George Frideric Handel,1685,1759,,Baroque
Václav Gunther Jacob,Václav Gunther Jacob,1685,1734,,Baroque
Jacques Loeillet,Jacques Loeillet,1685,1748,,Baroque
Roland Marais,Roland Marais,c. 1685,c. 1750,,Baroque
Wilhelm Hieronymus Pachelbel,Wilhelm Hieronymus Pachelbel,c. 1685,1764,,Baroque
Domenico Scarlatti,Domenico Scarlatti,1685,1757,,Baroque
Pietro Giuseppe Gaetano Boni,Pietro Giuseppe Gaetano Boni,c. 1686,after 1741,,Baroque
Jean-Joseph Fiocco,Jean-Joseph Fiocco,1686,1746,,Baroque
François Campion,François Campion,1686,1747,,Baroque
Benedetto Marcello,Benedetto Marcello,1686,1739,,Baroque
Nicola Porpora,Nicola Porpora,1686,1768,,Baroque
Giovanni Battista Somis,Giovanni Battista Somis,1686,1763,,Baroque
Jean-Baptiste Senaillé,Jean-Baptiste Semaillé,1687,1730,,Baroque
Johann Adam Birkenstock,Johann Adam Birkenstock,1687,1733,,Baroque
Henry Carey (writer),Henry Carey,1687,1743,,Baroque
Willem de Fesch,Willem de Fesch,1687,1761,,Baroque
Johann Ernst Galliard,Johann Ernst Galliard,1687,1749,,Baroque
Francesco Geminiani,Francesco Geminiani,1687,1762,,Baroque
Johann Georg Pisendel,Johann Georg Pisendel,1687,1755,,Baroque
Jean Baptiste Senaillé,Jean Baptiste Senaillé,1687,1730,,Baroque
Jean-Baptiste-Maurice Quinault,Jean-Baptiste-Maurice Quinault,1687,1745,,Baroque
Sylvius Leopold Weiss,Sylvius Leopold Weiss,1687,1750,,Baroque
Michele Falco,Michele Falco,c. 1688,after 1732,,Baroque
Johann Friedrich Fasch,Johann Friedrich Fasch,1688,1758,,Baroque
Jacob Herman Klein,Jacob Klein,1688,1748,,Baroque
Jean-Baptiste Loeillet of Ghent,Jean-Baptiste Loeillet,1688,1720,,Baroque
Joseph Michel,Joseph Michel,1688,1736,,Baroque
Thomas Roseingrave,Thomas Roseingrave,1688,1766,,Baroque
Domenico Zipoli,Domenico Zipoli,1688,1726,,Baroque
Jacques Aubert,Jacques Aubert,1689,1753,,Baroque
Jean Cappus,Jean-Baptiste Cappus,1689 , 1751,,Baroque
William Babell,William Babell,c. 1689,1723,,Baroque
Joseph Bodin de Boismortier,Joseph Bodin de Boismortier,1689,1755,,Baroque
Jan Josef Ignác Brentner,Jan Josef Ignác Brentner,1689,1742,,Baroque
Charles Levens,Charles Levens,1689,1764,,Baroque
Pietro Gnocchi,Pietro Gnocchi,1689,1775,,Baroque
Jean-Baptiste Quentin,Jean-Baptiste Quentin,before 1690,c. 1742,,Baroque
Francesco Barsanti,Francesco Barsanti,1690,1772,,Baroque
Jean Daniel Braun,Jean Daniel Braun,c. 1690?,c. 1740,,Baroque
Giuseppe Antonio Brescianello,Giuseppe Antonio Brescianello,c. 1690 , 1758,,Baroque
Fortunato Chelleri,Fortunato Chelleri,1690,1757,,Baroque
François Colin de Blamont,François Colin de Blamont,1690,1760,,Baroque
Giovanni Antonio Giay,Giovanni Antonio Giai,1690,1764,,Baroque
Johann Tobias Krebs,Johann Tobias Krebs,1690,1762,,Baroque
Gottlieb Muffat,Gottlieb Muffat,1690,1770,,Baroque
Jacques-Christophe Naudot,Jacques-Christophe Naudot,c. 1690,1762,,Baroque
Charles Theodore Pachelbel,Charles Theodore Pachelbel,1690,1750,,Baroque
Manuel José de Quirós,Manuel José de Quirós,c. 1690?,1765,,Baroque
Gottfried Heinrich Stölzel,Gottfried Heinrich Stölzel,1690,1749,,Baroque
Carlo Tessarini,Carlo Tessarini,1690,1766,,Baroque
Francesco Maria Veracini,Francesco Maria Veracini,1690,1768,,Baroque
Leonardo Vinci,Leonardo Vinci,c. 1690,1730,,Baroque
Jean-Baptiste Niel,Jean-Baptiste Niel,1690,1775,,Baroque
Robert Woodcock,Robert Woodcock,c. 1690 , 1728,,Baroque
Francesco Feo,Francesco Feo,1691,1761,,Baroque
Jan Francisci,Jan Francisci,1691,1758,,Baroque
Conrad Friedrich Hurlebusch,Conrad Friedrich Hurlebusch,1691,1765,,Baroque
Louis Homet,Louis Homet,1691,1767,,Baroque
Martin Berteau,Martin Berteau,1691,1771,,Baroque
Geminiano Giacomelli,Geminiano Giacomelli,1692,1740,,Baroque
Antonio Palella,Antonio Palella,1692,1761,,Baroque
Giovanni Alberto Ristori,Giovanni Alberto Ristori,1692,1753,,Baroque
Giuseppe Tartini,Giuseppe Tartini,1692,1770,,Baroque
Unico Wilhelm van Wassenaer,Unico Wilhelm van Wassenaer,1692,1766,,Baroque
Louis Lemaire,Louis Lemaire,1693?,1750?,,Baroque
Laurent Belissen,Laurent Belissen,1693,1762,,Baroque
Šimon Brixi,Šimon Brixi,1693,1735,,Baroque
Pierre-Gabriel Buffardin,Pierre-Gabriel Buffardin,1693,1768,,Baroque
Gregor Werner,Gregor Joseph Werner,1693,1766,,Baroque
Louis-Claude Daquin,Louis-Claude Daquin,1694,1772,,Baroque
Johann Samuel Endler,Johann Samuel Endler,1694,1762,,Baroque
Pierre-Claude Foucquet,Pierre-Claude Foucquet,1694,1772,,Baroque
Leonardo Leo,Leonardo Leo,1694,1744,,Baroque
Antonín Reichenauer,Antonín Reichenauer,c. 1694,1730,,Baroque
Johan Helmich Roman,Johan Helmich Roman,1694,1758,,Baroque
Luigi Merci,Luigi Merci,c.1695,1750,,Baroque
Johann Lorenz Bach,Johann Lorenz Bach,1695,1773,,Baroque
Pietro Locatelli,Pietro Locatelli,1695,1764,,Baroque
Marie-Anne-Catherine Quinault,Marie-Anne-Catherine Quinault,1695,1791,,Baroque
Giuseppe Sammartini,Giuseppe Sammartini,1695,1750,,Baroque
Ernst Gottlieb Baron,Ernst Gottlieb Baron,1696,1760,,Baroque
Pierre Février,Pierre Février,1696,1760,,Baroque
Maurice Greene (composer),Maurice Greene,1696,1755,,Baroque
Johann Melchior Molter,Johann Melchior Molter,1696,1765,,Baroque
Johann Caspar Vogler,Johann Caspar Vogler,1696,1763,,Baroque
Andrea Zani,Andrea Zani,1696,1757,,Baroque
Esprit Antoine Blanchard,Esprit-Antoine Blanchard,1696,1770,,Baroque
Josse Boutmy,Josse Boutmy,1697,1779,,Baroque
Cornelius Heinrich Dretzel,Cornelius Heinrich Dretzel,1697,1775,,Baroque
Louis-Maurice de La Pierre,Louis-Maurice de La Pierre,1697,1753,,Baroque
Adam Falckenhagen,Adam Falckenhagen,1697,1754,,Baroque
Johann Christian Hertel,Johann Christian Hertel,1697/1699,1754,,Baroque
Jean-Marie Leclair,Jean-Marie Leclair,1697,1764,,Baroque
Giuseppe de Majo,Giuseppe de Majo,1697,1771,,Baroque
Giovanni Benedetto Platti,Giovanni Benedetto Platti,1697,1763,,Baroque
Johann Pfeiffer,Johann Pfeiffer,1697,1761,,Baroque
Johann Joachim Quantz,Johann Joachim Quantz,1697,1773,,Baroque
Francesco Antonio Vallotti,Francesco Antonio Vallotti,1697,1780,,Baroque
Pietro Auletta,Pietro Auletta,c. 1698,1771,,Baroque
Antonio Bioni,Antonio Bioni,1698,1739,,Baroque
Henry Madin,Henry Madin,1698,1748,,Baroque
Riccardo Broschi,Riccardo Broschi,c. 1698,1756,,Baroque
François Francoeur,François Francoeur,1698,1787,,Baroque
František Jiránek,František Jiránek,1698,1778,,Baroque
Nicola Logroscino,Nicola Bonifacio Logroscino,1698,c. 1764,,Baroque
Gaetano Maria Schiassi,Gaetano Maria Schiassi,1698,1754,,Baroque
Jean-Baptiste Forqueray,Jean-Baptiste Forqueray,1699,1782,,Baroque
Joseph Gibbs (composer),Joseph Gibbs,1699,1788,,Baroque
Johann Adolph Hasse,Johann Adolph Hasse,1699,1783,,Baroque
Juan Francés de Iribarren,Juan Francés de Iribarren,1699,1767,,Baroque
Jan Zach,Jan Zach,1699,1773,,Baroque
Jean-Baptiste Dutartre,Jean-Baptiste Dutartre,16..,1749,,Baroque
Ignazio Pollice,Ignazio Pollice,,,1684–1705,Baroque
John Baston,John Baston,,,1708–1739,Baroque
Charles Bâton,Charles Bâton,,,1733–1758,Baroque
Domenico Della Bella,Domenico Della Bella,,,c. 1700–1715,Baroque
Michielina della Pietà,Michielina Della Pietà,,,c. 1701–1744,Baroque
Charles Dollé,Charles Dollé,,after 1755,1735–1755,Baroque
Giovanni Giorgi (composer),Giovanni Giorgi,,1762,from 1719,Baroque
Caterina Benedicta Grazianini,Caterina Benedicta Grazianini,17th century,,from 1705,Baroque
Maria Margherita Grimani,Maria Margherita Grimani,before 1700,,1713–1718,Baroque
Benoit Guillemant,Benoit Guillemant,,,1746–1757,Baroque
Gottfried Lindemann,Gottfried Lindemann,,1741,1713–1741,Baroque
Le Sieur de Machy,Le Sieur de Machy,,after 1692,,Baroque
Jacques Morel (composer),Jacques Morel,,,c. 1700–1749,Baroque
Antonio Orefice,Antonio Orefice,,,1708–1734,Baroque
Mrs Philarmonica,Mrs Philarmonica,,,1715,Baroque
Julie Pinel,Julie Pinel,,,1710–1737,Baroque
Marieta Morosina Priuli,Marieta Morosina Priuli,,,1665,Baroque
Camilla de Rossi,Camilla de Rossi,,,1707–1710,Baroque
Giovanni Zamboni,Giovanni Zamboni,later 17th century,after 1718,,Baroque
Philibert Delavigne,Philibert Delavigne,c. 1700,1750,,Baroque
Francesco Biscogli,Francesco Biscogli,after 1700,after 1750,,Baroque
Mlle Guédon de Presles,Mlle Guédon de Presles,early 18th century,1754,,Baroque
Johann Bernhard Bach (the younger),Johann Bernhard Bach (the younger),1700,1743,,Baroque
João Rodrigues Esteves,João Rodrigues Esteves,1700,1751,,Baroque
François-Lupien Grenet,François-Lupien Grenet,1700,1753,,Baroque
Jean-Baptiste Masse,Jean-Baptiste Masse,c. 1700,c. 1757,,Baroque
Sebastian Bodinus,Sebastian Bodinus,c. 1700,1759,,Baroque
Louis-Antoine Lefèbvre,Louis-Antoine Lefèbvre,1700,1763,,Baroque
Domenico Dall'Oglio,Domenico Dall'Oglio,c. 1700,1764,,Baroque
Nicola Fiorenza,Nicola Fiorenza,after 1700,1764,,Baroque
Michel Blavet,Michel Blavet,1700,1768,,Baroque
Christophe Moyreau,Christophe Moyneau,1700,1774,,Baroque
Giovanni Battista Sammartini,Giovanni Battista Sammartini,1700,1775,,Baroque
Johan Agrell,Johan Agrell,1701,1765,,Baroque
François Rebel,François Rebel,1701,1775,,Baroque
Jean-Pierre Guignon,Jean-Pierre Guignon,1702,1774,,Baroque
Alessandro Besozzi,Alessandro Besozzi,1702,1775,,Baroque
Johann Ernst Eberlin,Johann Ernst Eberlin,1702,1762,,Baroque
José de Nebra,José de Nebra,1702,1768,,Baroque
Francisco António de Almeida,Francisco António de Almeida,c. 1702,1755,,Baroque
Joseph-Hector Fiocco,Joseph-Hector Fiocco,1703,1741,,Baroque
René Drouart de Bousset,René Drouard de Bousset,1703,1760,,Baroque
John Frederick Lampe,John Frederick Lampe,1703,1751,,Baroque
Johann Gottlieb Graun,Johann Gottlieb Graun,1703,1771,,Baroque
Jean-Marie Leclair the younger,Jean-Marie Leclair,1703,1777,,Baroque
Carlo Zuccari,Carlo Zuccari,1703,1792,,Baroque
Carlos Seixas,Carlos Seixas,1704,1742,,Baroque
Rosanna Scalfi Marcello,Rosanna Scalfi Marcello,1704 or 1705,after 1742,,Baroque
Carl Heinrich Graun,Carl Heinrich Graun,1704,1759,,Baroque
Giovanni Battista Pescetti,Giovanni Battista Pescetti,c. 1704,c. 1766,,Baroque
František Tůma,František Tůma,1704,1774,,Baroque
Philippe Courbois,Philippe Courbois,1705,1730,,Baroque
Nicolas Chédeville,Nicolas Chédeville,1705,1782,,Baroque
Henri-Jacques de Croes,Henri-Jacques de Croes,1705,1786,,Baroque
Michael Christian Festing,Michael Christian Festing,1705,1752,,Baroque
Louis-Gabriel Guillemain,Louis-Gabriel Guillemain,1705,1770,,Baroque
Johann Peter Kellner,Johann Peter Kellner,1705,1772,,Baroque
Peter Prelleur,Peter Prelleur,c. 1705?,1741,,Baroque
Joseph-Nicolas-Pancrace Royer,Pancrace Royer,1705,1755,,Baroque
Andrea Bernasconi,Andrea Bernasconi,c. 1706,1784,,Baroque
Carlo Cecere,Carlo Cecere,1706,1761,,Baroque
Baldassare Galuppi,Baldassare Galuppi,1706,1785,,Baroque
Johann Gottfried Donati,Johann Gottfried Donati,1706,1782,,Baroque
William Hayes (composer),William Hayes,1706,1777,,Baroque
Giovanni Battista Martini,Giovanni Battista Martini,1706,1784,,Baroque
Jean-Baptiste Barrière,Jean Barrière,1707,1747,,Baroque
Thomas Chilcot,Thomas Chilcot,c. 1707,1766,,Baroque
Michel Corrette,Michel Corrette,1707,1795,,Baroque
Ignacio de Jerusalem,Ignacio de Jerusalem,c. 1707,1769,,Baroque
Johann Baptist Georg Neruda,Johann Baptist Georg Neruda,c. 1707,c. 1780,,Baroque
Pietro Domenico Paradisi,Domenico Paradies,1707,1791,,Baroque
António Teixeira,António Teixeira,1707,1769,,Baroque
Felix Benda,Felix Benda,1708,1768,,Baroque
Egidio Duni,Egidio Duni,1708,1775,,Baroque
Johann Gottlieb Janitsch,Johann Gottlieb Janitsch,1708,1763,,Baroque
Václav Jan Kopřiva,Václav Jan Kopřiva,1708,1789,,Baroque
Georg Reutter II,Georg Reutter,1708,1772,,Baroque
Johann Adolph Scheibe,Johann Adolph Scheibe,1708,1776,,Baroque
Francesco Araja,Francesco Araja,1709,after 1762,,Baroque
Franz Benda,Franz Benda,1709,1786,,Baroque
Princess Wilhelmine of Prussia,Princess Wilhelmine of Prussia,1709,1758,,Baroque
Christoph Schaffrath,Christoph Schaffrath,1709,1763,,Baroque
Charles Avison,Charles Avison,1709,1770,,Baroque
Domenico Alberti,Domenico Alberti,c. 1710,1740,,Baroque
André-Joseph Exaudet,André-Joseph Exaudet,1710,1762,,Baroque
Joseph Abaco,Joseph Abaco,1710,1805,,Baroque
Thomas Arne,Thomas Arne,1710,1778,,Baroque
Wilhelm Friedemann Bach,Wilhelm Friedemann Bach,1710,1784,,Baroque
Élisabeth de Haulteterre,Élisabeth de Haulteterre,,,1737–1768,Baroque
Salvatore Lanzetti,Salvatore Lanzetti,1710,1780,,Baroque
Giovanni Battista Pergolesi,Giovanni Battista Pergolesi,1710,1736,,Baroque
William Boyce (composer),William Boyce,1711,1779,,Baroque
Ignaz Holzbauer,Ignaz Holzbauer,1711,1783,,Baroque
Gaetano Latilla,Gaetano Latilla,1711,1788,,Baroque
Davide Perez,Davide Perez,1711,1778,,Baroque
Barbara of Portugal,Barbara of Portugal,1711,1758,,Baroque
Charles-Henri de Blainville,Charles-Henri de Blainville,1711,1769,,Baroque
Jean-Joseph de Mondonville,Jean-Joseph Cassanéa de Mondonville,1711,1772,,Baroque
James Oswald (composer),James Oswald,1711,1769,,Baroque
Frederick the Great,Frederick the Great,1712,1786,,Baroque
John Hebden,John Hebden,1712,1765,,Baroque
Giacomo Puccini (senior),Giacomo Puccini (senior),1712,1781,,Baroque
Jean-Jacques Rousseau,Jean-Jacques Rousseau,1712,1778,,Baroque
John Christopher Smith,John Christopher Smith,1712,1795,,Baroque
John Stanley (composer),John Stanley,1712,1786,,Baroque
Antoine Dauvergne,Antoine Dauvergne,1713,1797,,Baroque
Johan Henrik Freithoff,Johan Henrik Freithoff,1713,1767,,Baroque
Johann Ludwig Krebs,Johann Ludwig Krebs,1713,1780,,Baroque
Johann Nicolaus Mempel,Johann Nicolaus Mempel,1713,1747,,Baroque
Carl Philipp Emanuel Bach,Carl Philipp Emanuel Bach,1714,1788,,Baroque
John Alcock (organist),John Alcock,1715,1806,,Baroque
Jacques Duphly,Jacques Duphly,1715,1789,,Baroque
Josef Seger,Josef Seger,1716,1782,,Baroque
Princess Philippine Charlotte of Prussia,Princess Philippine Charlotte of Prussia,1716,1801,,Baroque
Johann Wenzel Anton Stamitz,Johann Wenzel Anton Stamitz,1717,1757,,Baroque
Richard Mudge,Richard Mudge,1718,1763,,Baroque
Abraham Caceres,Abraham Caceres,1718,1740,,Baroque
Leopold Mozart,Leopold Mozart,1719,1787,,Baroque
Joan Baptista Pla,Joan Baptista Pla i Agustí,c. 1720,1773,,Baroque
Pieter Hellendaal,Pieter Hellendaal,1721,1799,,Baroque
Matthias Vanden Gheyn,Matthias Vanden Gheyn,1721,1785,,Baroque
"Anna Amalia, Abbess of Quedlinburg","Anna Amalia, Abbess of Quedlinburg",1723,1787,,Baroque
Rafael Antonio Castellanos,Rafael Antonio Castellanos,c. 1725,1791,,Baroque
Karl Kohaut,Karl Kohaut,1726,1784,,Baroque
Pierre van Maldere,Pierre van Maldere,1729,1768,,Baroque
Antonio Soler,Antonio Soler,1729,1783,,Baroque
Capel Bond,Capel Bond,1730,1790,,Baroque
Gabriele Leone,Gabriele Leone,c. 1735,1790,,Baroque
José Joaquim dos Santos,José Joaquim dos Santos,1747?,1801,,Baroque
Alexander Maasmann,Alexander Maasmann,,,1713,Baroque
Santa della Pietà,Santa della Pietà,,after 1774,c. 1725–1750,Baroque
,Sainte-Colombe the son,1660,1720,,Baroque
,Jean-Philippe Borbollono,1696,,,Baroque
,Louis-Joseph Marchand,,c. 1743,,Baroque
,Simon Simon,c. 1735,c. 1787,,Baroque
